id,symbol,name,price,market_cap,volume,fetch_datetime
aster-2,ASTER,Aster,0.680406,1672836945,110654182,
aster-2,ASTER,Aster,0.663093,1632184835,78745618,
aster-2,ASTER,Aster,0.663761,1632484187,66594294,
avalanche-2,AVAX,Avalanche,9.39,4055417767,527970630,
avalanche-2,AVAX,Avalanche,9.05,3905966920,293513560,
avalanche-2,AVAX,Avalanche,9.34,4031112765,308121706,
binancecoin,BNB,BNB,863.1574666286001,83676883539,1370250609,2026-01-01
binancecoin,BNB,BNB,862.9202786806326,83676883539,1370250609,2026-01-02
binancecoin,BNB,BNB,880.5981987516783,83676883539,1370250609,2026-01-03
binancecoin,BNB,BNB,878.7329288702774,83676883539,1370250609,2026-01-04
binancecoin,BNB,BNB,894.4508344273104,83676883539,1370250609,2026-01-05
binancecoin,BNB,BNB,910.9079403595276,83676883539,1370250609,2026-01-06
binancecoin,BNB,BNB,917.6345878314794,83676883539,1370250609,2026-01-07
binancecoin,BNB,BNB,899.3115791273906,83676883539,1370250609,2026-01-08
binancecoin,BNB,BNB,891.5992569838319,83676883539,1370250609,2026-01-09
binancecoin,BNB,BNB,895.5121731855866,83676883539,1370250609,2026-01-10
binancecoin,BNB,BNB,906.6887224157772,83676883539,1370250609,2026-01-11
binancecoin,BNB,BNB,902.766496415222,83676883539,1370250609,2026-01-12
binancecoin,BNB,BNB,905.5295124491012,83676883539,1370250609,2026-01-13
binancecoin,BNB,BNB,942.4122356291538,83676883539,1370250609,2026-01-14
binancecoin,BNB,BNB,949.0987145957888,83676883539,1370250609,2026-01-15
binancecoin,BNB,BNB,930.8892064404016,83676883539,1370250609,2026-01-16
binancecoin,BNB,BNB,937.687896295784,83676883539,1370250609,2026-01-17
binancecoin,BNB,BNB,946.9959081738136,83676883539,1370250609,2026-01-18
binancecoin,BNB,BNB,933.8079144307844,83676883539,1370250609,2026-01-19
binancecoin,BNB,BNB,922.3076030339912,83676883539,1370250609,2026-01-20
binancecoin,BNB,BNB,884.4648847958442,83676883539,1370250609,2026-01-21
binancecoin,BNB,BNB,882.3554922284878,83676883539,1370250609,2026-01-22
binancecoin,BNB,BNB,886.8801866366052,83676883539,1370250609,2026-01-23
binancecoin,BNB,BNB,890.5047011445338,83676883539,1370250609,2026-01-24
binancecoin,BNB,BNB,886.0721909071814,83676883539,1370250609,2026-01-25
binancecoin,BNB,BNB,864.4439519225823,83676883539,1370250609,2026-01-26
binancecoin,BNB,BNB,878.6274796967367,83676883539,1370250609,2026-01-27
binancecoin,BNB,BNB,897.6724320123695,83676883539,1370250609,2026-01-28
binancecoin,BNB,BNB,901.2090745596356,83676883539,1370250609,2026-01-29
binancecoin,BNB,BNB,867.7347946909455,83676883539,1370250609,2026-01-30
binancecoin,BNB,BNB,857.3699420639612,83676883539,1370250609,2026-01-31
binancecoin,BNB,BNB,780.3315668159182,83676883539,1370250609,2026-02-01
binancecoin,BNB,BNB,757.9446598202101,83676883539,1370250609,2026-02-02
binancecoin,BNB,BNB,775.3120806273045,83676883539,1370250609,2026-02-03
binancecoin,BNB,BNB,753.6152462766961,83676883539,1370250609,2026-02-04
binancecoin,BNB,BNB,699.2319544532423,83676883539,1370250609,2026-02-05
binancecoin,BNB,BNB,604.901963859174,83676883539,1370250609,2026-02-06
binancecoin,BNB,BNB,657.306655291851,83676883539,1370250609,2026-02-07
binancecoin,BNB,BNB,647.57171670411,83676883539,1370250609,2026-02-08
binancecoin,BNB,BNB,641.3063396421284,83676883539,1370250609,2026-02-09
binancecoin,BNB,BNB,636.158470811873,83676883539,1370250609,2026-02-10
binancecoin,BNB,BNB,619.5022534339905,83676883539,1370250609,2026-02-11
binancecoin,BNB,BNB,607.0100650556328,83676883539,1370250609,2026-02-12
binancecoin,BNB,BNB,613.5884218776979,83676883539,1370250609,2026-02-13
binancecoin,BNB,BNB,618.6972942245542,83676883539,1370250609,2026-02-14
binancecoin,BNB,BNB,633.314654350795,83676883539,1370250609,2026-02-15
binancecoin,BNB,BNB,614.2781615559984,83676883539,1370250609,2026-02-16
binancecoin,BNB,BNB,626.9455367382164,83676883539,1370250609,2026-02-17
binancecoin,BNB,BNB,617.5002211755236,83676883539,1370250609,2026-02-18
binancecoin,BNB,BNB,604.7780192707222,83676883539,1370250609,2026-02-19
binancecoin,BNB,BNB,607.1450788289527,83676883539,1370250609,2026-02-20
binancecoin,BNB,BNB,625.1658113899997,83676883539,1370250609,2026-02-21
binancecoin,BNB,BNB,625.9459360696097,83676883539,1370250609,2026-02-22
binancecoin,BNB,BNB,614.0943323849417,83676883539,1370250609,2026-02-23
binancecoin,BNB,BNB,595.841177275929,83676883539,1370250609,2026-02-24
binancecoin,BNB,BNB,583.919821904656,83676883539,1370250609,2026-02-25
binancecoin,BNB,BNB,628.2228200794851,83676883539,1370250609,2026-02-26
binancecoin,BNB,BNB,625.9211039706134,83676883539,1370250609,2026-02-27
binancecoin,BNB,BNB,613.9686612193877,83676883539,1370250609,2026-02-28
binancecoin,BNB,BNB,617.5322050027751,83676883539,1370250609,2026-03-01
binancecoin,BNB,BNB,616.8269097979393,83676883539,1370250609,2026-03-02
binancecoin,BNB,BNB,637.4936332653224,83676883539,1370250609,2026-03-03
binancecoin,BNB,BNB,633.9153172943332,83676883539,1370250609,2026-03-04
binancecoin,BNB,BNB,657.5355575822484,83676883539,1370250609,2026-03-05
binancecoin,BNB,BNB,647.8545990969939,83676883539,1370250609,2026-03-06
binancecoin,BNB,BNB,627.3743722428251,83676883539,1370250609,2026-03-07
binancecoin,BNB,BNB,620.1335218839806,83676883539,1370250609,2026-03-08
binancecoin,BNB,BNB,611.9500451871007,83676883539,1370250609,2026-03-09
binancecoin,BNB,BNB,634.3477951671313,83676883539,1370250609,2026-03-10
binancecoin,BNB,BNB,641.6585289358178,83676883539,1370250609,2026-03-11
binancecoin,BNB,BNB,651.4385570212381,83676883539,1370250609,2026-03-12
binancecoin,BNB,BNB,652.3204295577726,83676883539,1370250609,2026-03-13
binancecoin,BNB,BNB,656.0082976549179,83676883539,1370250609,2026-03-14
binancecoin,BNB,BNB,657.9077116578025,83676883539,1370250609,2026-03-15
binancecoin,BNB,BNB,673.7790391797466,83676883539,1370250609,2026-03-16
binancecoin,BNB,BNB,679.6057646827234,83676883539,1370250609,2026-03-17
binancecoin,BNB,BNB,668.4582026519276,83676883539,1370250609,2026-03-18
binancecoin,BNB,BNB,651.889478852474,83676883539,1370250609,2026-03-19
binancecoin,BNB,BNB,638.9476995490274,83676883539,1370250609,2026-03-20
binancecoin,BNB,BNB,642.2798347520329,83676883539,1370250609,2026-03-21
binancecoin,BNB,BNB,629.5885290033027,83676883539,1370250609,2026-03-22
binancecoin,BNB,BNB,626.2400112141628,83676883539,1370250609,2026-03-23
binancecoin,BNB,BNB,638.7006153893446,83676883539,1370250609,2026-03-24
binancecoin,BNB,BNB,638.2722605721722,83676883539,1370250609,2026-03-25
binancecoin,BNB,BNB,647.3180223384383,83676883539,1370250609,2026-03-26
binancecoin,BNB,BNB,628.9190223638835,83676883539,1370250609,2026-03-27
binancecoin,BNB,BNB,613.1713620815611,83676883539,1370250609,2026-03-28
binancecoin,BNB,BNB,610.4645237576061,83676883539,1370250609,2026-03-29
binancecoin,BNB,BNB,605.6869270198512,83676883539,1370250609,2026-03-30
binancecoin,BNB,BNB,608.6013327334239,83676883539,1370250609,2026-03-31
binancecoin,BNB,BNB,616.7739614216982,83676883539,1370250609,2026-04-01
binancecoin,BNB,BNB,610.7257387079188,83676883539,1370250609,2026-04-02
binancecoin,BNB,BNB,583.2343462184504,83676883539,1370250609,2026-04-03
binancecoin,BNB,BNB,588.1023061457563,83676883539,1370250609,2026-04-04
binancecoin,BNB,BNB,593.3737522068442,83676883539,1370250609,2026-04-05
binancecoin,BNB,BNB,601.5319277415803,83676883539,1370250609,2026-04-06
binancecoin,BNB,BNB,600.2118425663355,83676883539,1370250609,2026-04-07
binancecoin,BNB,BNB,620.4758823184727,83676883539,1370250609,2026-04-08
binancecoin,BNB,BNB,613.56,83676883539,1378831884,
binancecoin,BNB,BNB,599.04,81703998917,1080220192,
binancecoin,BNB,BNB,601.74,82008394820,987806457,
bitcoin,BTC,Bitcoin,87520.18048742875,1434038805101,54929323493,2026-01-01
bitcoin,BTC,Bitcoin,88727.67004249741,1434038805101,54929323493,2026-01-02
bitcoin,BTC,Bitcoin,89926.27924953419,1434038805101,54929323493,2026-01-03
bitcoin,BTC,Bitcoin,90593.85443180415,1434038805101,54929323493,2026-01-04
bitcoin,BTC,Bitcoin,91373.21588108438,1434038805101,54929323493,2026-01-05
bitcoin,BTC,Bitcoin,93926.7956485658,1434038805101,54929323493,2026-01-06
bitcoin,BTC,Bitcoin,93666.86387314304,1434038805101,54929323493,2026-01-07
bitcoin,BTC,Bitcoin,91257.15544035909,1434038805101,54929323493,2026-01-08
bitcoin,BTC,Bitcoin,90983.51578142623,1434038805101,54929323493,2026-01-09
bitcoin,BTC,Bitcoin,90504.8956034002,1434038805101,54929323493,2026-01-10
bitcoin,BTC,Bitcoin,90442.01907847,1434038805101,54929323493,2026-01-11
bitcoin,BTC,Bitcoin,90819.36598904192,1434038805101,54929323493,2026-01-12
bitcoin,BTC,Bitcoin,91134.96917951509,1434038805101,54929323493,2026-01-13
bitcoin,BTC,Bitcoin,95260.4422971001,1434038805101,54929323493,2026-01-14
bitcoin,BTC,Bitcoin,97007.78078881276,1434038805101,54929323493,2026-01-15
bitcoin,BTC,Bitcoin,95584.82797878512,1434038805101,54929323493,2026-01-16
bitcoin,BTC,Bitcoin,95516.07771987125,1434038805101,54929323493,2026-01-17
bitcoin,BTC,Bitcoin,95099.53192554633,1434038805101,54929323493,2026-01-18
bitcoin,BTC,Bitcoin,93752.70577188236,1434038805101,54929323493,2026-01-19
bitcoin,BTC,Bitcoin,92558.46334372148,1434038805101,54929323493,2026-01-20
bitcoin,BTC,Bitcoin,88312.84053255555,1434038805101,54929323493,2026-01-21
bitcoin,BTC,Bitcoin,89354.34377512129,1434038805101,54929323493,2026-01-22
bitcoin,BTC,Bitcoin,89443.39744146909,1434038805101,54929323493,2026-01-23
bitcoin,BTC,Bitcoin,89412.39849953113,1434038805101,54929323493,2026-01-24
bitcoin,BTC,Bitcoin,89170.87364531498,1434038805101,54929323493,2026-01-25
bitcoin,BTC,Bitcoin,86548.32213469829,1434038805101,54929323493,2026-01-26
bitcoin,BTC,Bitcoin,88307.8612070438,1434038805101,54929323493,2026-01-27
bitcoin,BTC,Bitcoin,89204.22239644526,1434038805101,54929323493,2026-01-28
bitcoin,BTC,Bitcoin,89162.09701574955,1434038805101,54929323493,2026-01-29
bitcoin,BTC,Bitcoin,84570.40906135936,1434038805101,54929323493,2026-01-30
bitcoin,BTC,Bitcoin,84141.77856967277,1434038805101,54929323493,2026-01-31
bitcoin,BTC,Bitcoin,78725.85853884545,1434038805101,54929323493,2026-02-01
bitcoin,BTC,Bitcoin,76937.06406636834,1434038805101,54929323493,2026-02-02
bitcoin,BTC,Bitcoin,78767.65815345927,1434038805101,54929323493,2026-02-03
bitcoin,BTC,Bitcoin,75638.95670207398,1434038805101,54929323493,2026-02-04
bitcoin,BTC,Bitcoin,73172.29203248928,1434038805101,54929323493,2026-02-05
bitcoin,BTC,Bitcoin,62853.69038445987,1434038805101,54929323493,2026-02-06
bitcoin,BTC,Bitcoin,70523.95417035831,1434038805101,54929323493,2026-02-07
bitcoin,BTC,Bitcoin,69296.80677355142,1434038805101,54929323493,2026-02-08
bitcoin,BTC,Bitcoin,70542.37329463876,1434038805101,54929323493,2026-02-09
bitcoin,BTC,Bitcoin,70096.40692272567,1434038805101,54929323493,2026-02-10
bitcoin,BTC,Bitcoin,68779.90981269129,1434038805101,54929323493,2026-02-11
bitcoin,BTC,Bitcoin,66937.58141157958,1434038805101,54929323493,2026-02-12
bitcoin,BTC,Bitcoin,66184.57765470445,1434038805101,54929323493,2026-02-13
bitcoin,BTC,Bitcoin,68838.87490510389,1434038805101,54929323493,2026-02-14
bitcoin,BTC,Bitcoin,69765.59638824302,1434038805101,54929323493,2026-02-15
bitcoin,BTC,Bitcoin,68716.58337486399,1434038805101,54929323493,2026-02-16
bitcoin,BTC,Bitcoin,68907.78353606178,1434038805101,54929323493,2026-02-17
bitcoin,BTC,Bitcoin,67489.45540267964,1434038805101,54929323493,2026-02-18
bitcoin,BTC,Bitcoin,66456.3537620677,1434038805101,54929323493,2026-02-19
bitcoin,BTC,Bitcoin,66918.68417467622,1434038805101,54929323493,2026-02-20
bitcoin,BTC,Bitcoin,67970.29403133177,1434038805101,54929323493,2026-02-21
bitcoin,BTC,Bitcoin,67977.90904199042,1434038805101,54929323493,2026-02-22
bitcoin,BTC,Bitcoin,67585.11718938159,1434038805101,54929323493,2026-02-23
bitcoin,BTC,Bitcoin,64577.553200674425,1434038805101,54929323493,2026-02-24
bitcoin,BTC,Bitcoin,64074.11098528222,1434038805101,54929323493,2026-02-25
bitcoin,BTC,Bitcoin,67947.39185585188,1434038805101,54929323493,2026-02-26
bitcoin,BTC,Bitcoin,67469.06040327046,1434038805101,54929323493,2026-02-27
bitcoin,BTC,Bitcoin,65883.99096235317,1434038805101,54929323493,2026-02-28
bitcoin,BTC,Bitcoin,67008.45435746174,1434038805101,54929323493,2026-03-01
bitcoin,BTC,Bitcoin,65713.4989891121,1434038805101,54929323493,2026-03-02
bitcoin,BTC,Bitcoin,68864.03691918531,1434038805101,54929323493,2026-03-03
bitcoin,BTC,Bitcoin,68321.6178484252,1434038805101,54929323493,2026-03-04
bitcoin,BTC,Bitcoin,72669.7701652216,1434038805101,54929323493,2026-03-05
bitcoin,BTC,Bitcoin,70874.98687140146,1434038805101,54929323493,2026-03-06
bitcoin,BTC,Bitcoin,68148.28339966535,1434038805101,54929323493,2026-03-07
bitcoin,BTC,Bitcoin,67271.1907777184,1434038805101,54929323493,2026-03-08
bitcoin,BTC,Bitcoin,66036.15782362667,1434038805101,54929323493,2026-03-09
bitcoin,BTC,Bitcoin,68459.31537095344,1434038805101,54929323493,2026-03-10
bitcoin,BTC,Bitcoin,69883.00887579883,1434038805101,54929323493,2026-03-11
bitcoin,BTC,Bitcoin,70226.818790692,1434038805101,54929323493,2026-03-12
bitcoin,BTC,Bitcoin,70544.42535461926,1434038805101,54929323493,2026-03-13
bitcoin,BTC,Bitcoin,70965.28228600459,1434038805101,54929323493,2026-03-14
bitcoin,BTC,Bitcoin,71217.1010283798,1434038805101,54929323493,2026-03-15
bitcoin,BTC,Bitcoin,72681.9132538886,1434038805101,54929323493,2026-03-16
bitcoin,BTC,Bitcoin,74858.14870100339,1434038805101,54929323493,2026-03-17
bitcoin,BTC,Bitcoin,73926.27899152413,1434038805101,54929323493,2026-03-18
bitcoin,BTC,Bitcoin,71255.86350265636,1434038805101,54929323493,2026-03-19
bitcoin,BTC,Bitcoin,69871.4514796119,1434038805101,54929323493,2026-03-20
bitcoin,BTC,Bitcoin,70552.62530009366,1434038805101,54929323493,2026-03-21
bitcoin,BTC,Bitcoin,68733.54779458739,1434038805101,54929323493,2026-03-22
bitcoin,BTC,Bitcoin,67848.87605821833,1434038805101,54929323493,2026-03-23
bitcoin,BTC,Bitcoin,70892.82823994374,1434038805101,54929323493,2026-03-24
bitcoin,BTC,Bitcoin,70524.51175942823,1434038805101,54929323493,2026-03-25
bitcoin,BTC,Bitcoin,71309.26403856269,1434038805101,54929323493,2026-03-26
bitcoin,BTC,Bitcoin,68791.11093800364,1434038805101,54929323493,2026-03-27
bitcoin,BTC,Bitcoin,66321.016242762,1434038805101,54929323493,2026-03-28
bitcoin,BTC,Bitcoin,66321.06539994745,1434038805101,54929323493,2026-03-29
bitcoin,BTC,Bitcoin,65970.42899513361,1434038805101,54929323493,2026-03-30
bitcoin,BTC,Bitcoin,66699.27436893585,1434038805101,54929323493,2026-03-31
bitcoin,BTC,Bitcoin,68231.83047993251,1434038805101,54929323493,2026-04-01
bitcoin,BTC,Bitcoin,68089.0553821667,1434038805101,54929323493,2026-04-02
bitcoin,BTC,Bitcoin,66891.6645686824,1434038805101,54929323493,2026-04-03
bitcoin,BTC,Bitcoin,66939.69121715311,1434038805101,54929323493,2026-04-04
bitcoin,BTC,Bitcoin,67304.24955635444,1434038805101,54929323493,2026-04-05
bitcoin,BTC,Bitcoin,68985.52642694542,1434038805101,54929323493,2026-04-06
bitcoin,BTC,Bitcoin,68864.23452757328,1434038805101,54929323493,2026-04-07
bitcoin,BTC,Bitcoin,71975.62171045873,1434038805101,54929323493,2026-04-08
bitcoin,BTC,Bitcoin,71706.0,1434734684496,56129624246,
bitcoin,BTC,Bitcoin,70768.0,1416424263132,39095493171,
bitcoin,BTC,Bitcoin,71934.0,1439305384044,39340008627,
bitcoin-cash,BCH,Bitcoin Cash,443.14,8870584202,222943208,
bitcoin-cash,BCH,Bitcoin Cash,439.98,8801296128,179266052,
bitcoin-cash,BCH,Bitcoin Cash,443.01,8869802530,177675042,
bittensor,TAO,Bittensor,341.95,3281467789,604662510,
bittensor,TAO,Bittensor,322.01,3091903489,662441191,
bittensor,TAO,Bittensor,269.93,2591709228,1530636092,
blackrock-usd-institutional-digital-liquidity-fund,BUIDL,BlackRock USD Institutional Digital Liquidity Fund,1.0,2348057869,0,
blackrock-usd-institutional-digital-liquidity-fund,BUIDL,BlackRock USD Institutional Digital Liquidity Fund,1.0,2398280618,0,
blackrock-usd-institutional-digital-liquidity-fund,BUIDL,BlackRock USD Institutional Digital Liquidity Fund,1.0,2418342327,0,
canton-network,CC,Canton,0.144076,5515097096,8757549,
canton-network,CC,Canton,0.146765,5627075199,8678964,
canton-network,CC,Canton,0.153743,5885708492,11765402,
cardano,ADA,Cardano,0.261125,9628480031,627341761,
cardano,ADA,Cardano,0.248792,9180562221,374851713,
cardano,ADA,Cardano,0.252056,9310507956,325260566,
chainlink,LINK,Chainlink,9.22,6706425095,552549628,
chainlink,LINK,Chainlink,8.76,6374357182,336905297,
chainlink,LINK,Chainlink,8.93,6497271093,356466457,
crypto-com-chain,CRO,Cronos,0.071568,3030728697,11068440,
crypto-com-chain,CRO,Cronos,0.069765,2953845939,11191366,
crypto-com-chain,CRO,Cronos,0.069388,2937624073,10264471,
dai,DAI,Dai,1.0,4451845911,38942580,
dai,DAI,Dai,0.998725,4407333941,24887348,
dai,DAI,Dai,0.999843,4428626805,18434084,
dogecoin,DOGE,Dogecoin,0.094462,14521105676,1636573597,
dogecoin,DOGE,Dogecoin,0.091217,14037779594,1304450828,
dogecoin,DOGE,Dogecoin,0.092453,14216148814,1314922204,
ethena-usde,USDE,Ethena USDe,1.0,5833014617,277548097,
ethena-usde,USDE,Ethena USDe,1.0,5833902566,250657768,
ethena-usde,USDE,Ethena USDe,0.999651,5835170947,137386642,
ethereum,ETH,Ethereum,2966.7741798134107,270949498148,24931618668,2026-01-01
ethereum,ETH,Ethereum,3000.4191168879165,270949498148,24931618668,2026-01-02
ethereum,ETH,Ethereum,3121.9006724537576,270949498148,24931618668,2026-01-03
ethereum,ETH,Ethereum,3126.041091396286,270949498148,24931618668,2026-01-04
ethereum,ETH,Ethereum,3139.057041912684,270949498148,24931618668,2026-01-05
ethereum,ETH,Ethereum,3228.2962247842056,270949498148,24931618668,2026-01-06
ethereum,ETH,Ethereum,3295.101927879638,270949498148,24931618668,2026-01-07
ethereum,ETH,Ethereum,3164.794750249208,270949498148,24931618668,2026-01-08
ethereum,ETH,Ethereum,3104.220322474917,270949498148,24931618668,2026-01-09
ethereum,ETH,Ethereum,3083.136117372436,270949498148,24931618668,2026-01-10
ethereum,ETH,Ethereum,3082.9653288303607,270949498148,24931618668,2026-01-11
ethereum,ETH,Ethereum,3119.361936037277,270949498148,24931618668,2026-01-12
ethereum,ETH,Ethereum,3090.2827206647894,270949498148,24931618668,2026-01-13
ethereum,ETH,Ethereum,3319.935407056508,270949498148,24931618668,2026-01-14
ethereum,ETH,Ethereum,3356.4964063628336,270949498148,24931618668,2026-01-15
ethereum,ETH,Ethereum,3318.203702349166,270949498148,24931618668,2026-01-16
ethereum,ETH,Ethereum,3296.062650076136,270949498148,24931618668,2026-01-17
ethereum,ETH,Ethereum,3306.8712226908783,270949498148,24931618668,2026-01-18
ethereum,ETH,Ethereum,3284.3194316465483,270949498148,24931618668,2026-01-19
ethereum,ETH,Ethereum,3185.6644636922747,270949498148,24931618668,2026-01-20
ethereum,ETH,Ethereum,2935.623419316041,270949498148,24931618668,2026-01-21
ethereum,ETH,Ethereum,2976.049146564133,270949498148,24931618668,2026-01-22
ethereum,ETH,Ethereum,2948.277889615024,270949498148,24931618668,2026-01-23
ethereum,ETH,Ethereum,2950.9128485703054,270949498148,24931618668,2026-01-24
ethereum,ETH,Ethereum,2949.197384616335,270949498148,24931618668,2026-01-25
ethereum,ETH,Ethereum,2814.1853835458546,270949498148,24931618668,2026-01-26
ethereum,ETH,Ethereum,2927.836546921288,270949498148,24931618668,2026-01-27
ethereum,ETH,Ethereum,3021.091516998928,270949498148,24931618668,2026-01-28
ethereum,ETH,Ethereum,3006.807112955534,270949498148,24931618668,2026-01-29
ethereum,ETH,Ethereum,2818.817890220326,270949498148,24931618668,2026-01-30
ethereum,ETH,Ethereum,2702.40799526457,270949498148,24931618668,2026-01-31
ethereum,ETH,Ethereum,2443.9290245632774,270949498148,24931618668,2026-02-01
ethereum,ETH,Ethereum,2269.3288518651166,270949498148,24931618668,2026-02-02
ethereum,ETH,Ethereum,2344.512261445349,270949498148,24931618668,2026-02-03
ethereum,ETH,Ethereum,2226.985635575225,270949498148,24931618668,2026-02-04
ethereum,ETH,Ethereum,2152.087011672937,270949498148,24931618668,2026-02-05
ethereum,ETH,Ethereum,1820.5693215574129,270949498148,24931618668,2026-02-06
ethereum,ETH,Ethereum,2060.734964567416,270949498148,24931618668,2026-02-07
ethereum,ETH,Ethereum,2091.040353689534,270949498148,24931618668,2026-02-08
ethereum,ETH,Ethereum,2095.1305644770564,270949498148,24931618668,2026-02-09
ethereum,ETH,Ethereum,2104.457792190833,270949498148,24931618668,2026-02-10
ethereum,ETH,Ethereum,2018.9237788543585,270949498148,24931618668,2026-02-11
ethereum,ETH,Ethereum,1939.432173971104,270949498148,24931618668,2026-02-12
ethereum,ETH,Ethereum,1945.7351413092624,270949498148,24931618668,2026-02-13
ethereum,ETH,Ethereum,2047.3626742531244,270949498148,24931618668,2026-02-14
ethereum,ETH,Ethereum,2085.5236826118394,270949498148,24931618668,2026-02-15
ethereum,ETH,Ethereum,1963.9572853026268,270949498148,24931618668,2026-02-16
ethereum,ETH,Ethereum,2000.6104432030936,270949498148,24931618668,2026-02-17
ethereum,ETH,Ethereum,1992.004854467171,270949498148,24931618668,2026-02-18
ethereum,ETH,Ethereum,1954.7534951528544,270949498148,24931618668,2026-02-19
ethereum,ETH,Ethereum,1946.9092613594232,270949498148,24931618668,2026-02-20
ethereum,ETH,Ethereum,1967.8121148578189,270949498148,24931618668,2026-02-21
ethereum,ETH,Ethereum,1973.664331586064,270949498148,24931618668,2026-02-22
ethereum,ETH,Ethereum,1954.1913563168573,270949498148,24931618668,2026-02-23
ethereum,ETH,Ethereum,1853.695790383818,270949498148,24931618668,2026-02-24
ethereum,ETH,Ethereum,1852.8102933693349,270949498148,24931618668,2026-02-25
ethereum,ETH,Ethereum,2053.1886740789387,270949498148,24931618668,2026-02-26
ethereum,ETH,Ethereum,2027.3015182289616,270949498148,24931618668,2026-02-27
ethereum,ETH,Ethereum,1931.3205870910035,270949498148,24931618668,2026-02-28
ethereum,ETH,Ethereum,1965.036620141305,270949498148,24931618668,2026-03-01
ethereum,ETH,Ethereum,1938.411487707785,270949498148,24931618668,2026-03-02
ethereum,ETH,Ethereum,2029.443994398502,270949498148,24931618668,2026-03-03
ethereum,ETH,Ethereum,1982.458278653345,270949498148,24931618668,2026-03-04
ethereum,ETH,Ethereum,2125.8345858015964,270949498148,24931618668,2026-03-05
ethereum,ETH,Ethereum,2074.522248185161,270949498148,24931618668,2026-03-06
ethereum,ETH,Ethereum,1980.7782841320015,270949498148,24931618668,2026-03-07
ethereum,ETH,Ethereum,1969.6937981965011,270949498148,24931618668,2026-03-08
ethereum,ETH,Ethereum,1938.624925351496,270949498148,24931618668,2026-03-09
ethereum,ETH,Ethereum,1992.355228734493,270949498148,24931618668,2026-03-10
ethereum,ETH,Ethereum,2035.2089486782504,270949498148,24931618668,2026-03-11
ethereum,ETH,Ethereum,2051.7311684113824,270949498148,24931618668,2026-03-12
ethereum,ETH,Ethereum,2076.5162283684745,270949498148,24931618668,2026-03-13
ethereum,ETH,Ethereum,2093.00633968562,270949498148,24931618668,2026-03-14
ethereum,ETH,Ethereum,2096.556369062344,270949498148,24931618668,2026-03-15
ethereum,ETH,Ethereum,2175.059915408281,270949498148,24931618668,2026-03-16
ethereum,ETH,Ethereum,2351.172929558985,270949498148,24931618668,2026-03-17
ethereum,ETH,Ethereum,2318.1196031651903,270949498148,24931618668,2026-03-18
ethereum,ETH,Ethereum,2203.380058379178,270949498148,24931618668,2026-03-19
ethereum,ETH,Ethereum,2137.450038431429,270949498148,24931618668,2026-03-20
ethereum,ETH,Ethereum,2146.971987874902,270949498148,24931618668,2026-03-21
ethereum,ETH,Ethereum,2078.049212971818,270949498148,24931618668,2026-03-22
ethereum,ETH,Ethereum,2053.1449566818205,270949498148,24931618668,2026-03-23
ethereum,ETH,Ethereum,2151.498274966905,270949498148,24931618668,2026-03-24
ethereum,ETH,Ethereum,2155.6817607237,270949498148,24931618668,2026-03-25
ethereum,ETH,Ethereum,2168.2595767488515,270949498148,24931618668,2026-03-26
ethereum,ETH,Ethereum,2059.332619583916,270949498148,24931618668,2026-03-27
ethereum,ETH,Ethereum,1991.9001004362851,270949498148,24931618668,2026-03-28
ethereum,ETH,Ethereum,1992.7681119939891,270949498148,24931618668,2026-03-29
ethereum,ETH,Ethereum,1983.184167632635,270949498148,24931618668,2026-03-30
ethereum,ETH,Ethereum,2023.82401658508,270949498148,24931618668,2026-03-31
ethereum,ETH,Ethereum,2104.8765857093117,270949498148,24931618668,2026-04-01
ethereum,ETH,Ethereum,2139.0578887146285,270949498148,24931618668,2026-04-02
ethereum,ETH,Ethereum,2056.8902960008427,270949498148,24931618668,2026-04-03
ethereum,ETH,Ethereum,2053.6088145168164,270949498148,24931618668,2026-04-04
ethereum,ETH,Ethereum,2064.9940579142453,270949498148,24931618668,2026-04-05
ethereum,ETH,Ethereum,2109.005555869251,270949498148,24931618668,2026-04-06
ethereum,ETH,Ethereum,2107.828320222534,270949498148,24931618668,2026-04-07
ethereum,ETH,Ethereum,2241.8159903072574,270949498148,24931618668,2026-04-08
ethereum,ETH,Ethereum,2248.21,271262993808,24976052035,
ethereum,ETH,Ethereum,2177.31,262922366266,18696312957,
ethereum,ETH,Ethereum,2190.85,264364825321,17463751823,
falcon-finance,USDF,Falcon USD,0.997853,1741832616,842685,
falcon-finance,USDF,Falcon USD,0.997861,1742148644,1154916,
falcon-finance,USDF,Falcon USD,0.998473,1792934607,835893,
figure-heloc,FIGR_HELOC,Figure Heloc,1.033,17077325786,34607241,
figure-heloc,FIGR_HELOC,Figure Heloc,1.032,17103808711,19058044,
figure-heloc,FIGR_HELOC,Figure Heloc,1.034,17166043094,18481305,
global-dollar,USDG,Global Dollar,0.999995,1956732641,81615631,
global-dollar,USDG,Global Dollar,0.99995,2029849997,62029387,
global-dollar,USDG,Global Dollar,1.0,2058864256,54424152,
hashnote-usyc,USYC,Circle USYC,1.12,2681206931,224099,
hashnote-usyc,USYC,Circle USYC,1.12,2684834729,560999,
hashnote-usyc,USYC,Circle USYC,1.12,2682416201,112099,
hedera-hashgraph,HBAR,Hedera,0.093302,4044978113,117314626,
hedera-hashgraph,HBAR,Hedera,0.089437,3873899144,109553233,
hedera-hashgraph,HBAR,Hedera,0.088148,3822428017,72022000,
hyperliquid,HYPE,Hyperliquid,38.9,9273984756,317854461,
hyperliquid,HYPE,Hyperliquid,38.44,9164186941,377267036,
hyperliquid,HYPE,Hyperliquid,40.62,9684856084,296129802,
leo-token,LEO,LEO Token,10.11,9310505956,390333,
leo-token,LEO,LEO Token,10.12,9319312104,607243,
leo-token,LEO,LEO Token,10.12,9317449201,497003,
litecoin,LTC,Litecoin,55.06,4241186891,392503451,
litecoin,LTC,Litecoin,53.91,4155220623,295696237,
litecoin,LTC,Litecoin,54.47,4196389017,297836941,
mantle,MNT,Mantle,0.680124,2229393433,45907977,
mantle,MNT,Mantle,0.655534,2149431105,37803791,
mantle,MNT,Mantle,0.667928,2189314011,28889176,
memecore,M,MemeCore,2.67,4680516541,25708920,
memecore,M,MemeCore,2.62,4612024007,11020401,
memecore,M,MemeCore,2.62,4613302649,11120374,
monero,XMR,Monero,338.94,6251933610,112476290,
monero,XMR,Monero,325.29,6004058520,126103929,
monero,XMR,Monero,345.11,6365391473,114649873,
near,NEAR,NEAR Protocol,1.34,1724979588,235675289,
near,NEAR,NEAR Protocol,1.34,1729825999,298878397,
near,NEAR,NEAR Protocol,1.36,1763297299,244696616,
okb,OKB,OKB,84.87,1781592879,17844142,
okb,OKB,OKB,83.18,1746711332,14107540,
okb,OKB,OKB,83.84,1760615044,12216860,
pax-gold,PAXG,PAX Gold,4793.8,2464240771,385253236,
pax-gold,PAXG,PAX Gold,4707.37,2420710919,309091620,
pax-gold,PAXG,PAX Gold,4745.38,2439778098,262087083,
paypal-usd,PYUSD,PayPal USD,0.99986,3933637815,137647266,
paypal-usd,PYUSD,PayPal USD,0.999803,3949396840,93792086,
paypal-usd,PYUSD,PayPal USD,1.0,3986503374,184849156,
pi-network,PI,Pi Network,0.170463,1723660779,19550185,
pi-network,PI,Pi Network,0.167797,1697609930,16087445,
pi-network,PI,Pi Network,0.167637,1697627590,13366609,
polkadot,DOT,Polkadot,1.33,2220217753,192306067,
polkadot,DOT,Polkadot,1.25,2101555165,121633065,
polkadot,DOT,Polkadot,1.29,2170587931,145745382,
rain,RAIN,Rain,0.00757201,3621579216,16846216,
rain,RAIN,Rain,0.0079756,3803942039,18522332,
rain,RAIN,Rain,0.00787328,3766752340,19394966,
ripple,XRP,XRP,1.839340516228945,84701300035,2963255508,2026-01-01
ripple,XRP,XRP,1.876580133618003,84701300035,2963255508,2026-01-02
ripple,XRP,XRP,2.006743067068081,84701300035,2963255508,2026-01-03
ripple,XRP,XRP,2.0175062731579767,84701300035,2963255508,2026-01-04
ripple,XRP,XRP,2.090232038436175,84701300035,2963255508,2026-01-05
ripple,XRP,XRP,2.357096532639873,84701300035,2963255508,2026-01-06
ripple,XRP,XRP,2.306181895074802,84701300035,2963255508,2026-01-07
ripple,XRP,XRP,2.1647432080023226,84701300035,2963255508,2026-01-08
ripple,XRP,XRP,2.1251717689023337,84701300035,2963255508,2026-01-09
ripple,XRP,XRP,2.0927673320195863,84701300035,2963255508,2026-01-10
ripple,XRP,XRP,2.088652195195928,84701300035,2963255508,2026-01-11
ripple,XRP,XRP,2.0697438242842803,84701300035,2963255508,2026-01-12
ripple,XRP,XRP,2.0521552957803872,84701300035,2963255508,2026-01-13
ripple,XRP,XRP,2.1573149435015675,84701300035,2963255508,2026-01-14
ripple,XRP,XRP,2.139155616612297,84701300035,2963255508,2026-01-15
ripple,XRP,XRP,2.077452437224596,84701300035,2963255508,2026-01-16
ripple,XRP,XRP,2.068150596847967,84701300035,2963255508,2026-01-17
ripple,XRP,XRP,2.061745805630061,84701300035,2963255508,2026-01-18
ripple,XRP,XRP,1.995267313537964,84701300035,2963255508,2026-01-19
ripple,XRP,XRP,1.9884649839518649,84701300035,2963255508,2026-01-20
ripple,XRP,XRP,1.8875376220238804,84701300035,2963255508,2026-01-21
ripple,XRP,XRP,1.9437698220745168,84701300035,2963255508,2026-01-22
ripple,XRP,XRP,1.9204225104332824,84701300035,2963255508,2026-01-23
ripple,XRP,XRP,1.9194180431938297,84701300035,2963255508,2026-01-24
ripple,XRP,XRP,1.9133958344258728,84701300035,2963255508,2026-01-25
ripple,XRP,XRP,1.8327098897122869,84701300035,2963255508,2026-01-26
ripple,XRP,XRP,1.904112805120496,84701300035,2963255508,2026-01-27
ripple,XRP,XRP,1.915677736046668,84701300035,2963255508,2026-01-28
ripple,XRP,XRP,1.9072302990012404,84701300035,2963255508,2026-01-29
ripple,XRP,XRP,1.8050831186611875,84701300035,2963255508,2026-01-30
ripple,XRP,XRP,1.7327720854202893,84701300035,2963255508,2026-01-31
ripple,XRP,XRP,1.6436658882901531,84701300035,2963255508,2026-02-01
ripple,XRP,XRP,1.5944442621009838,84701300035,2963255508,2026-02-02
ripple,XRP,XRP,1.6206030260795774,84701300035,2963255508,2026-02-03
ripple,XRP,XRP,1.5725414380096223,84701300035,2963255508,2026-02-04
ripple,XRP,XRP,1.5170558553904752,84701300035,2963255508,2026-02-05
ripple,XRP,XRP,1.2161107578407648,84701300035,2963255508,2026-02-06
ripple,XRP,XRP,1.4690800575209595,84701300035,2963255508,2026-02-07
ripple,XRP,XRP,1.4252152762524186,84701300035,2963255508,2026-02-08
ripple,XRP,XRP,1.4349694710334944,84701300035,2963255508,2026-02-09
ripple,XRP,XRP,1.4388979885580568,84701300035,2963255508,2026-02-10
ripple,XRP,XRP,1.3997611232740157,84701300035,2963255508,2026-02-11
ripple,XRP,XRP,1.3675262189821478,84701300035,2963255508,2026-02-12
ripple,XRP,XRP,1.3613529875277222,84701300035,2963255508,2026-02-13
ripple,XRP,XRP,1.4061247435646491,84701300035,2963255508,2026-02-14
ripple,XRP,XRP,1.508877618192049,84701300035,2963255508,2026-02-15
ripple,XRP,XRP,1.4735483047448346,84701300035,2963255508,2026-02-16
ripple,XRP,XRP,1.4879010843885696,84701300035,2963255508,2026-02-17
ripple,XRP,XRP,1.474786700621986,84701300035,2963255508,2026-02-18
ripple,XRP,XRP,1.419520653358989,84701300035,2963255508,2026-02-19
ripple,XRP,XRP,1.406757496975822,84701300035,2963255508,2026-02-20
ripple,XRP,XRP,1.4287023447803144,84701300035,2963255508,2026-02-21
ripple,XRP,XRP,1.432313132610905,84701300035,2963255508,2026-02-22
ripple,XRP,XRP,1.3904201045692706,84701300035,2963255508,2026-02-23
ripple,XRP,XRP,1.3519972818018684,84701300035,2963255508,2026-02-24
ripple,XRP,XRP,1.3492712150693866,84701300035,2963255508,2026-02-25
ripple,XRP,XRP,1.4311778592275557,84701300035,2963255508,2026-02-26
ripple,XRP,XRP,1.40223433254285,84701300035,2963255508,2026-02-27
ripple,XRP,XRP,1.3556513092141125,84701300035,2963255508,2026-02-28
ripple,XRP,XRP,1.379332796381174,84701300035,2963255508,2026-03-01
ripple,XRP,XRP,1.3508353496044243,84701300035,2963255508,2026-03-02
ripple,XRP,XRP,1.3932878761648186,84701300035,2963255508,2026-03-03
ripple,XRP,XRP,1.36103107458941,84701300035,2963255508,2026-03-04
ripple,XRP,XRP,1.4304937640772049,84701300035,2963255508,2026-03-05
ripple,XRP,XRP,1.4033263588998717,84701300035,2963255508,2026-03-06
ripple,XRP,XRP,1.3637239392731315,84701300035,2963255508,2026-03-07
ripple,XRP,XRP,1.3564715576357889,84701300035,2963255508,2026-03-08
ripple,XRP,XRP,1.3422132871181114,84701300035,2963255508,2026-03-09
ripple,XRP,XRP,1.3620867880412773,84701300035,2963255508,2026-03-10
ripple,XRP,XRP,1.3859389773180206,84701300035,2963255508,2026-03-11
ripple,XRP,XRP,1.3852855424426591,84701300035,2963255508,2026-03-12
ripple,XRP,XRP,1.3856854223967114,84701300035,2963255508,2026-03-13
ripple,XRP,XRP,1.3984883653785558,84701300035,2963255508,2026-03-14
ripple,XRP,XRP,1.4060409016406614,84701300035,2963255508,2026-03-15
ripple,XRP,XRP,1.4471445690623823,84701300035,2963255508,2026-03-16
ripple,XRP,XRP,1.544548518991867,84701300035,2963255508,2026-03-17
ripple,XRP,XRP,1.518809913744032,84701300035,2963255508,2026-03-18
ripple,XRP,XRP,1.4635648455182175,84701300035,2963255508,2026-03-19
ripple,XRP,XRP,1.446907508513138,84701300035,2963255508,2026-03-20
ripple,XRP,XRP,1.4455066711696298,84701300035,2963255508,2026-03-21
ripple,XRP,XRP,1.4126521263383205,84701300035,2963255508,2026-03-22
ripple,XRP,XRP,1.3856763547929614,84701300035,2963255508,2026-03-23
ripple,XRP,XRP,1.4312128220885731,84701300035,2963255508,2026-03-24
ripple,XRP,XRP,1.4149642928635169,84701300035,2963255508,2026-03-25
ripple,XRP,XRP,1.4133478378773114,84701300035,2963255508,2026-03-26
ripple,XRP,XRP,1.3599141754843338,84701300035,2963255508,2026-03-27
ripple,XRP,XRP,1.3241937088535796,84701300035,2963255508,2026-03-28
ripple,XRP,XRP,1.332280277660629,84701300035,2963255508,2026-03-29
ripple,XRP,XRP,1.326917658089675,84701300035,2963255508,2026-03-30
ripple,XRP,XRP,1.3222432322146085,84701300035,2963255508,2026-03-31
ripple,XRP,XRP,1.3396108818298649,84701300035,2963255508,2026-04-01
ripple,XRP,XRP,1.3481928710117392,84701300035,2963255508,2026-04-02
ripple,XRP,XRP,1.319127673601835,84701300035,2963255508,2026-04-03
ripple,XRP,XRP,1.3177591466741263,84701300035,2963255508,2026-04-04
ripple,XRP,XRP,1.314946138144583,84701300035,2963255508,2026-04-05
ripple,XRP,XRP,1.3246057207688182,84701300035,2963255508,2026-04-06
ripple,XRP,XRP,1.3208458204759403,84701300035,2963255508,2026-04-07
ripple,XRP,XRP,1.3795235137228608,84701300035,2963255508,2026-04-08
ripple,XRP,XRP,1.38,84706612278,3086509497,
ripple,XRP,XRP,1.33,81742148580,2424790311,
ripple,XRP,XRP,1.34,82531441310,2284740552,
shiba-inu,SHIB,Shiba Inu,6.13e-06,3609373747,150345884,
shiba-inu,SHIB,Shiba Inu,5.88e-06,3467034443,111311619,
shiba-inu,SHIB,Shiba Inu,5.91e-06,3484784724,138294072,
sky,SKY,Sky,0.077559,1796486394,14343749,
sky,SKY,Sky,0.076303,1767154381,16542066,
sky,SKY,Sky,0.07812,1808816479,11505288,
solana,SOL,Solana,84.35,48356196187,5168193309,
solana,SOL,Solana,81.83,46981875200,3438073825,
solana,SOL,Solana,83.12,47720152893,3491614459,
stellar,XLM,Stellar,0.163313,5405376077,135802350,
stellar,XLM,Stellar,0.156016,5164718639,92850829,
stellar,XLM,Stellar,0.155403,5143166339,138509778,
sui,SUI,Sui,0.951724,3762168185,541091761,
sui,SUI,Sui,0.909124,3596716535,365232632,
sui,SUI,Sui,0.933153,3688801317,346696307,
tether,USDT,Tether,0.998662724694602,184132713103,88360393957,2026-01-01
tether,USDT,Tether,0.9988679818488146,184132713103,88360393957,2026-01-02
tether,USDT,Tether,0.9995983333094132,184132713103,88360393957,2026-01-03
tether,USDT,Tether,0.9996521246231304,184132713103,88360393957,2026-01-04
tether,USDT,Tether,0.9996105685061611,184132713103,88360393957,2026-01-05
tether,USDT,Tether,0.9999633560368232,184132713103,88360393957,2026-01-06
tether,USDT,Tether,0.9996615466659724,184132713103,88360393957,2026-01-07
tether,USDT,Tether,0.9991211966174102,184132713103,88360393957,2026-01-08
tether,USDT,Tether,0.9991569593828226,184132713103,88360393957,2026-01-09
tether,USDT,Tether,0.9987276753488908,184132713103,88360393957,2026-01-10
tether,USDT,Tether,0.9987499416269447,184132713103,88360393957,2026-01-11
tether,USDT,Tether,0.9986722833366012,184132713103,88360393957,2026-01-12
tether,USDT,Tether,0.9989061546969548,184132713103,88360393957,2026-01-13
tether,USDT,Tether,0.999590698812193,184132713103,88360393957,2026-01-14
tether,USDT,Tether,0.9999649191311664,184132713103,88360393957,2026-01-15
tether,USDT,Tether,0.999724541665556,184132713103,88360393957,2026-01-16
tether,USDT,Tether,0.9996022336202626,184132713103,88360393957,2026-01-17
tether,USDT,Tether,0.999641036394522,184132713103,88360393957,2026-01-18
tether,USDT,Tether,0.9996290977580052,184132713103,88360393957,2026-01-19
tether,USDT,Tether,0.9993594339116764,184132713103,88360393957,2026-01-20
tether,USDT,Tether,0.9988487030723944,184132713103,88360393957,2026-01-21
tether,USDT,Tether,0.9991305081309328,184132713103,88360393957,2026-01-22
tether,USDT,Tether,0.9990496724620156,184132713103,88360393957,2026-01-23
tether,USDT,Tether,0.998778892989168,184132713103,88360393957,2026-01-24
tether,USDT,Tether,0.9985569101355588,184132713103,88360393957,2026-01-25
tether,USDT,Tether,0.998994854117742,184132713103,88360393957,2026-01-26
tether,USDT,Tether,0.9989547535101524,184132713103,88360393957,2026-01-27
tether,USDT,Tether,0.9986909091346772,184132713103,88360393957,2026-01-28
tether,USDT,Tether,0.9985417486852866,184132713103,88360393957,2026-01-29
tether,USDT,Tether,0.998487279555262,184132713103,88360393957,2026-01-30
tether,USDT,Tether,0.9985230477227056,184132713103,88360393957,2026-01-31
tether,USDT,Tether,0.9989497615329074,184132713103,88360393957,2026-02-01
tether,USDT,Tether,0.9989392888486452,184132713103,88360393957,2026-02-02
tether,USDT,Tether,0.99920010100876,184132713103,88360393957,2026-02-03
tether,USDT,Tether,0.9987167613016704,184132713103,88360393957,2026-02-04
tether,USDT,Tether,0.9979612681080594,184132713103,88360393957,2026-02-05
tether,USDT,Tether,0.9982250428285866,184132713103,88360393957,2026-02-06
tether,USDT,Tether,0.9993888421960844,184132713103,88360393957,2026-02-07
tether,USDT,Tether,0.9994305117681376,184132713103,88360393957,2026-02-08
tether,USDT,Tether,0.999499498559742,184132713103,88360393957,2026-02-09
tether,USDT,Tether,0.9995763421525862,184132713103,88360393957,2026-02-10
tether,USDT,Tether,0.9994983972219772,184132713103,88360393957,2026-02-11
tether,USDT,Tether,0.9994115981365724,184132713103,88360393957,2026-02-12
tether,USDT,Tether,0.999346447755714,184132713103,88360393957,2026-02-13
tether,USDT,Tether,0.999526705546248,184132713103,88360393957,2026-02-14
tether,USDT,Tether,0.9996671716102812,184132713103,88360393957,2026-02-15
tether,USDT,Tether,0.9995907413979994,184132713103,88360393957,2026-02-16
tether,USDT,Tether,0.9996299905566526,184132713103,88360393957,2026-02-17
tether,USDT,Tether,0.9996560408199576,184132713103,88360393957,2026-02-18
tether,USDT,Tether,0.9996612869116704,184132713103,88360393957,2026-02-19
tether,USDT,Tether,0.9996645344960944,184132713103,88360393957,2026-02-20
tether,USDT,Tether,0.9996107557292512,184132713103,88360393957,2026-02-21
tether,USDT,Tether,0.9997716894518884,184132713103,88360393957,2026-02-22
tether,USDT,Tether,0.9996113662285152,184132713103,88360393957,2026-02-23
tether,USDT,Tether,0.9997189462103196,184132713103,88360393957,2026-02-24
tether,USDT,Tether,1.0000583892729342,184132713103,88360393957,2026-02-25
tether,USDT,Tether,1.0001858815580689,184132713103,88360393957,2026-02-26
tether,USDT,Tether,1.0000449542644685,184132713103,88360393957,2026-02-27
tether,USDT,Tether,1.0000379974136189,184132713103,88360393957,2026-02-28
tether,USDT,Tether,1.0003547856985875,184132713103,88360393957,2026-03-01
tether,USDT,Tether,1.0000489255310072,184132713103,88360393957,2026-03-02
tether,USDT,Tether,1.000035599976023,184132713103,88360393957,2026-03-03
tether,USDT,Tether,1.0000336152572948,184132713103,88360393957,2026-03-04
tether,USDT,Tether,1.0001290807294116,184132713103,88360393957,2026-03-05
tether,USDT,Tether,1.000047151881986,184132713103,88360393957,2026-03-06
tether,USDT,Tether,0.9999596593304436,184132713103,88360393957,2026-03-07
tether,USDT,Tether,0.999979394830107,184132713103,88360393957,2026-03-08
tether,USDT,Tether,1.0000187244840877,184132713103,88360393957,2026-03-09
tether,USDT,Tether,1.000035923210783,184132713103,88360393957,2026-03-10
tether,USDT,Tether,1.0000168490151076,184132713103,88360393957,2026-03-11
tether,USDT,Tether,1.0000517587254645,184132713103,88360393957,2026-03-12
tether,USDT,Tether,0.9999523695965462,184132713103,88360393957,2026-03-13
tether,USDT,Tether,1.0000900040216567,184132713103,88360393957,2026-03-14
tether,USDT,Tether,1.0001415880465403,184132713103,88360393957,2026-03-15
tether,USDT,Tether,1.000109750791634,184132713103,88360393957,2026-03-16
tether,USDT,Tether,1.000019771606636,184132713103,88360393957,2026-03-17
tether,USDT,Tether,1.0001758946865915,184132713103,88360393957,2026-03-18
tether,USDT,Tether,0.9999921589218256,184132713103,88360393957,2026-03-19
tether,USDT,Tether,1.0001271715337985,184132713103,88360393957,2026-03-20
tether,USDT,Tether,0.9998984155342372,184132713103,88360393957,2026-03-21
tether,USDT,Tether,0.999800611053828,184132713103,88360393957,2026-03-22
tether,USDT,Tether,0.999759980658106,184132713103,88360393957,2026-03-23
tether,USDT,Tether,0.999728071460486,184132713103,88360393957,2026-03-24
tether,USDT,Tether,0.9995464025750292,184132713103,88360393957,2026-03-25
tether,USDT,Tether,0.9996158559527772,184132713103,88360393957,2026-03-26
tether,USDT,Tether,0.9993777608233682,184132713103,88360393957,2026-03-27
tether,USDT,Tether,0.9993090210116136,184132713103,88360393957,2026-03-28
tether,USDT,Tether,0.9992705593616054,184132713103,88360393957,2026-03-29
tether,USDT,Tether,0.9992400743545208,184132713103,88360393957,2026-03-30
tether,USDT,Tether,0.9992106628948578,184132713103,88360393957,2026-03-31
tether,USDT,Tether,0.999103323548842,184132713103,88360393957,2026-04-01
tether,USDT,Tether,0.9998709253042358,184132713103,88360393957,2026-04-02
tether,USDT,Tether,0.9999692066117988,184132713103,88360393957,2026-04-03
tether,USDT,Tether,0.9998907119545613,184132713103,88360393957,2026-04-04
tether,USDT,Tether,0.9999481912545096,184132713103,88360393957,2026-04-05
tether,USDT,Tether,0.999644437060162,184132713103,88360393957,2026-04-06
tether,USDT,Tether,0.9999504381512831,184132713103,88360393957,2026-04-07
tether,USDT,Tether,0.9998298565131112,184132713103,88360393957,2026-04-08
tether,USDT,Tether,0.999885,184130708714,88398697264,
tether,USDT,Tether,1.0,184117048827,64483994623,
tether,USDT,Tether,1.0,184115639382,63224990694,
tether-gold,XAUT,Tether Gold,4775.64,2672711702,588661799,
tether-gold,XAUT,Tether Gold,4698.29,2629686151,415381290,
tether-gold,XAUT,Tether Gold,4735.44,2650557905,250287601,
the-open-network,TON,Toncoin,1.27,3139900533,100187941,
the-open-network,TON,Toncoin,1.22,3024336141,73683174,
the-open-network,TON,Toncoin,1.25,3103377251,146272077,
tron,TRX,TRON,0.315912,29932795608,498128961,
tron,TRX,TRON,0.317072,30042993737,458246704,
tron,TRX,TRON,0.319905,30318524020,441236993,
uniswap,UNI,Uniswap,3.23,2045447505,227808377,
uniswap,UNI,Uniswap,3.06,1941134548,154059467,
uniswap,UNI,Uniswap,3.12,1977791365,138502870,
usd-coin,USDC,USDC,0.999906,77886951409,16425150488,
usd-coin,USDC,USDC,0.999847,78225281983,13401037460,
usd-coin,USDC,USDC,0.999937,78393060307,13746481274,
usd1-wlfi,USD1,USD1,0.99907,4379956380,1663289540,
usd1-wlfi,USD1,USD1,0.999302,4304893695,1449605620,
usd1-wlfi,USD1,USD1,0.999397,4234938669,1041165827,
usds,USDS,USDS,0.999922,11535095495,62511161,
usds,USDS,USDS,0.999856,11507257536,17860180,
usds,USDS,USDS,0.999947,11500607658,100396507,
whitebit,WBT,WhiteBIT Coin,53.45,11407299699,104052316,
whitebit,WBT,WhiteBIT Coin,52.54,11215202649,66012816,
whitebit,WBT,WhiteBIT Coin,52.44,11192372805,67815560,
world-liberty-financial,WLFI,World Liberty Financial,0.097775,3105368675,66777814,
world-liberty-financial,WLFI,World Liberty Financial,0.0921,2925869995,95571975,
world-liberty-financial,WLFI,World Liberty Financial,0.086637,2751399294,169137741,
zcash,ZEC,Zcash,322.63,5364576639,672317087,
zcash,ZEC,Zcash,317.44,5292219836,463480365,
zcash,ZEC,Zcash,370.84,6172487422,694356666,
