id,symbol,name,price,market_cap,volume,fetch_datetime
bitcoin,btc,Bitcoin,87520.18048742875,1434038805101,54929323493.0,2026-01-01
bitcoin,btc,Bitcoin,88727.67004249741,1434038805101,54929323493.0,2026-01-02
bitcoin,btc,Bitcoin,89926.27924953419,1434038805101,54929323493.0,2026-01-03
bitcoin,btc,Bitcoin,90593.85443180417,1434038805101,54929323493.0,2026-01-04
bitcoin,btc,Bitcoin,91373.21588108438,1434038805101,54929323493.0,2026-01-05
bitcoin,btc,Bitcoin,93926.7956485658,1434038805101,54929323493.0,2026-01-06
bitcoin,btc,Bitcoin,93666.86387314305,1434038805101,54929323493.0,2026-01-07
bitcoin,btc,Bitcoin,91257.15544035907,1434038805101,54929323493.0,2026-01-08
bitcoin,btc,Bitcoin,90983.51578142625,1434038805101,54929323493.0,2026-01-09
bitcoin,btc,Bitcoin,90504.89560340019,1434038805101,54929323493.0,2026-01-10
bitcoin,btc,Bitcoin,90442.01907847001,1434038805101,54929323493.0,2026-01-11
bitcoin,btc,Bitcoin,90819.36598904192,1434038805101,54929323493.0,2026-01-12
bitcoin,btc,Bitcoin,91134.96917951507,1434038805101,54929323493.0,2026-01-13
bitcoin,btc,Bitcoin,95260.4422971001,1434038805101,54929323493.0,2026-01-14
bitcoin,btc,Bitcoin,97007.78078881276,1434038805101,54929323493.0,2026-01-15
bitcoin,btc,Bitcoin,95584.82797878512,1434038805101,54929323493.0,2026-01-16
bitcoin,btc,Bitcoin,95516.07771987123,1434038805101,54929323493.0,2026-01-17
bitcoin,btc,Bitcoin,95099.53192554631,1434038805101,54929323493.0,2026-01-18
bitcoin,btc,Bitcoin,93752.70577188236,1434038805101,54929323493.0,2026-01-19
bitcoin,btc,Bitcoin,92558.46334372147,1434038805101,54929323493.0,2026-01-20
bitcoin,btc,Bitcoin,88312.84053255555,1434038805101,54929323493.0,2026-01-21
bitcoin,btc,Bitcoin,89354.34377512129,1434038805101,54929323493.0,2026-01-22
bitcoin,btc,Bitcoin,89443.39744146909,1434038805101,54929323493.0,2026-01-23
bitcoin,btc,Bitcoin,89412.39849953113,1434038805101,54929323493.0,2026-01-24
bitcoin,btc,Bitcoin,89170.87364531498,1434038805101,54929323493.0,2026-01-25
bitcoin,btc,Bitcoin,86548.32213469829,1434038805101,54929323493.0,2026-01-26
bitcoin,btc,Bitcoin,88307.8612070438,1434038805101,54929323493.0,2026-01-27
bitcoin,btc,Bitcoin,89204.22239644526,1434038805101,54929323493.0,2026-01-28
bitcoin,btc,Bitcoin,89162.09701574955,1434038805101,54929323493.0,2026-01-29
bitcoin,btc,Bitcoin,84570.40906135936,1434038805101,54929323493.0,2026-01-30
bitcoin,btc,Bitcoin,84141.77856967277,1434038805101,54929323493.0,2026-01-31
bitcoin,btc,Bitcoin,78725.85853884545,1434038805101,54929323493.0,2026-02-01
bitcoin,btc,Bitcoin,76937.06406636834,1434038805101,54929323493.0,2026-02-02
bitcoin,btc,Bitcoin,78767.65815345927,1434038805101,54929323493.0,2026-02-03
bitcoin,btc,Bitcoin,75638.95670207398,1434038805101,54929323493.0,2026-02-04
bitcoin,btc,Bitcoin,73172.29203248928,1434038805101,54929323493.0,2026-02-05
bitcoin,btc,Bitcoin,62853.69038445987,1434038805101,54929323493.0,2026-02-06
bitcoin,btc,Bitcoin,70523.95417035831,1434038805101,54929323493.0,2026-02-07
bitcoin,btc,Bitcoin,69296.80677355142,1434038805101,54929323493.0,2026-02-08
bitcoin,btc,Bitcoin,70542.37329463876,1434038805101,54929323493.0,2026-02-09
bitcoin,btc,Bitcoin,70096.40692272567,1434038805101,54929323493.0,2026-02-10
bitcoin,btc,Bitcoin,68779.90981269129,1434038805101,54929323493.0,2026-02-11
bitcoin,btc,Bitcoin,66937.58141157958,1434038805101,54929323493.0,2026-02-12
bitcoin,btc,Bitcoin,66184.57765470445,1434038805101,54929323493.0,2026-02-13
bitcoin,btc,Bitcoin,68838.87490510389,1434038805101,54929323493.0,2026-02-14
bitcoin,btc,Bitcoin,69765.59638824302,1434038805101,54929323493.0,2026-02-15
bitcoin,btc,Bitcoin,68716.58337486399,1434038805101,54929323493.0,2026-02-16
bitcoin,btc,Bitcoin,68907.78353606178,1434038805101,54929323493.0,2026-02-17
bitcoin,btc,Bitcoin,67489.45540267964,1434038805101,54929323493.0,2026-02-18
bitcoin,btc,Bitcoin,66456.3537620677,1434038805101,54929323493.0,2026-02-19
bitcoin,btc,Bitcoin,66918.68417467622,1434038805101,54929323493.0,2026-02-20
bitcoin,btc,Bitcoin,67970.29403133177,1434038805101,54929323493.0,2026-02-21
bitcoin,btc,Bitcoin,67977.90904199042,1434038805101,54929323493.0,2026-02-22
bitcoin,btc,Bitcoin,67585.11718938159,1434038805101,54929323493.0,2026-02-23
bitcoin,btc,Bitcoin,64577.553200674425,1434038805101,54929323493.0,2026-02-24
bitcoin,btc,Bitcoin,64074.11098528222,1434038805101,54929323493.0,2026-02-25
bitcoin,btc,Bitcoin,67947.39185585188,1434038805101,54929323493.0,2026-02-26
bitcoin,btc,Bitcoin,67469.06040327046,1434038805101,54929323493.0,2026-02-27
bitcoin,btc,Bitcoin,65883.99096235317,1434038805101,54929323493.0,2026-02-28
bitcoin,btc,Bitcoin,67008.45435746174,1434038805101,54929323493.0,2026-03-01
bitcoin,btc,Bitcoin,65713.4989891121,1434038805101,54929323493.0,2026-03-02
bitcoin,btc,Bitcoin,68864.03691918531,1434038805101,54929323493.0,2026-03-03
bitcoin,btc,Bitcoin,68321.6178484252,1434038805101,54929323493.0,2026-03-04
bitcoin,btc,Bitcoin,72669.7701652216,1434038805101,54929323493.0,2026-03-05
bitcoin,btc,Bitcoin,70874.98687140146,1434038805101,54929323493.0,2026-03-06
bitcoin,btc,Bitcoin,68148.28339966535,1434038805101,54929323493.0,2026-03-07
bitcoin,btc,Bitcoin,67271.1907777184,1434038805101,54929323493.0,2026-03-08
bitcoin,btc,Bitcoin,66036.15782362667,1434038805101,54929323493.0,2026-03-09
bitcoin,btc,Bitcoin,68459.31537095344,1434038805101,54929323493.0,2026-03-10
bitcoin,btc,Bitcoin,69883.00887579883,1434038805101,54929323493.0,2026-03-11
bitcoin,btc,Bitcoin,70226.818790692,1434038805101,54929323493.0,2026-03-12
bitcoin,btc,Bitcoin,70544.42535461926,1434038805101,54929323493.0,2026-03-13
bitcoin,btc,Bitcoin,70965.28228600459,1434038805101,54929323493.0,2026-03-14
bitcoin,btc,Bitcoin,71217.1010283798,1434038805101,54929323493.0,2026-03-15
bitcoin,btc,Bitcoin,72681.9132538886,1434038805101,54929323493.0,2026-03-16
bitcoin,btc,Bitcoin,74858.14870100339,1434038805101,54929323493.0,2026-03-17
bitcoin,btc,Bitcoin,73926.27899152413,1434038805101,54929323493.0,2026-03-18
bitcoin,btc,Bitcoin,71255.86350265636,1434038805101,54929323493.0,2026-03-19
bitcoin,btc,Bitcoin,69871.4514796119,1434038805101,54929323493.0,2026-03-20
bitcoin,btc,Bitcoin,70552.62530009366,1434038805101,54929323493.0,2026-03-21
bitcoin,btc,Bitcoin,68733.54779458739,1434038805101,54929323493.0,2026-03-22
bitcoin,btc,Bitcoin,67848.87605821833,1434038805101,54929323493.0,2026-03-23
bitcoin,btc,Bitcoin,70892.82823994374,1434038805101,54929323493.0,2026-03-24
bitcoin,btc,Bitcoin,70524.51175942823,1434038805101,54929323493.0,2026-03-25
bitcoin,btc,Bitcoin,71309.26403856269,1434038805101,54929323493.0,2026-03-26
bitcoin,btc,Bitcoin,68791.11093800364,1434038805101,54929323493.0,2026-03-27
bitcoin,btc,Bitcoin,66321.016242762,1434038805101,54929323493.0,2026-03-28
bitcoin,btc,Bitcoin,66321.06539994745,1434038805101,54929323493.0,2026-03-29
bitcoin,btc,Bitcoin,65970.42899513361,1434038805101,54929323493.0,2026-03-30
bitcoin,btc,Bitcoin,66699.27436893585,1434038805101,54929323493.0,2026-03-31
bitcoin,btc,Bitcoin,68231.83047993251,1434038805101,54929323493.0,2026-04-01
bitcoin,btc,Bitcoin,68089.0553821667,1434038805101,54929323493.0,2026-04-02
bitcoin,btc,Bitcoin,66891.6645686824,1434038805101,54929323493.0,2026-04-03
bitcoin,btc,Bitcoin,66939.69121715311,1434038805101,54929323493.0,2026-04-04
bitcoin,btc,Bitcoin,67304.24955635444,1434038805101,54929323493.0,2026-04-05
bitcoin,btc,Bitcoin,68985.52642694542,1434038805101,54929323493.0,2026-04-06
bitcoin,btc,Bitcoin,68864.23452757328,1434038805101,54929323493.0,2026-04-07
bitcoin,btc,Bitcoin,71975.62171045873,1434038805101,54929323493.0,2026-04-08
ethereum,eth,Ethereum,2966.7741798134107,270949498148,24931618668.0,2026-01-01
ethereum,eth,Ethereum,3000.4191168879165,270949498148,24931618668.0,2026-01-02
ethereum,eth,Ethereum,3121.9006724537576,270949498148,24931618668.0,2026-01-03
ethereum,eth,Ethereum,3126.041091396286,270949498148,24931618668.0,2026-01-04
ethereum,eth,Ethereum,3139.057041912684,270949498148,24931618668.0,2026-01-05
ethereum,eth,Ethereum,3228.2962247842056,270949498148,24931618668.0,2026-01-06
ethereum,eth,Ethereum,3295.101927879638,270949498148,24931618668.0,2026-01-07
ethereum,eth,Ethereum,3164.794750249208,270949498148,24931618668.0,2026-01-08
ethereum,eth,Ethereum,3104.220322474917,270949498148,24931618668.0,2026-01-09
ethereum,eth,Ethereum,3083.1361173724354,270949498148,24931618668.0,2026-01-10
ethereum,eth,Ethereum,3082.9653288303607,270949498148,24931618668.0,2026-01-11
ethereum,eth,Ethereum,3119.3619360372772,270949498148,24931618668.0,2026-01-12
ethereum,eth,Ethereum,3090.2827206647894,270949498148,24931618668.0,2026-01-13
ethereum,eth,Ethereum,3319.9354070565078,270949498148,24931618668.0,2026-01-14
ethereum,eth,Ethereum,3356.4964063628336,270949498148,24931618668.0,2026-01-15
ethereum,eth,Ethereum,3318.2037023491666,270949498148,24931618668.0,2026-01-16
ethereum,eth,Ethereum,3296.062650076136,270949498148,24931618668.0,2026-01-17
ethereum,eth,Ethereum,3306.8712226908783,270949498148,24931618668.0,2026-01-18
ethereum,eth,Ethereum,3284.3194316465483,270949498148,24931618668.0,2026-01-19
ethereum,eth,Ethereum,3185.6644636922747,270949498148,24931618668.0,2026-01-20
ethereum,eth,Ethereum,2935.6234193160412,270949498148,24931618668.0,2026-01-21
ethereum,eth,Ethereum,2976.0491465641335,270949498148,24931618668.0,2026-01-22
ethereum,eth,Ethereum,2948.277889615024,270949498148,24931618668.0,2026-01-23
ethereum,eth,Ethereum,2950.9128485703054,270949498148,24931618668.0,2026-01-24
ethereum,eth,Ethereum,2949.197384616335,270949498148,24931618668.0,2026-01-25
ethereum,eth,Ethereum,2814.1853835458546,270949498148,24931618668.0,2026-01-26
ethereum,eth,Ethereum,2927.836546921288,270949498148,24931618668.0,2026-01-27
ethereum,eth,Ethereum,3021.091516998928,270949498148,24931618668.0,2026-01-28
ethereum,eth,Ethereum,3006.8071129555346,270949498148,24931618668.0,2026-01-29
ethereum,eth,Ethereum,2818.817890220326,270949498148,24931618668.0,2026-01-30
ethereum,eth,Ethereum,2702.40799526457,270949498148,24931618668.0,2026-01-31
ethereum,eth,Ethereum,2443.9290245632774,270949498148,24931618668.0,2026-02-01
ethereum,eth,Ethereum,2269.3288518651166,270949498148,24931618668.0,2026-02-02
ethereum,eth,Ethereum,2344.512261445349,270949498148,24931618668.0,2026-02-03
ethereum,eth,Ethereum,2226.985635575225,270949498148,24931618668.0,2026-02-04
ethereum,eth,Ethereum,2152.0870116729375,270949498148,24931618668.0,2026-02-05
ethereum,eth,Ethereum,1820.5693215574129,270949498148,24931618668.0,2026-02-06
ethereum,eth,Ethereum,2060.7349645674162,270949498148,24931618668.0,2026-02-07
ethereum,eth,Ethereum,2091.040353689534,270949498148,24931618668.0,2026-02-08
ethereum,eth,Ethereum,2095.1305644770564,270949498148,24931618668.0,2026-02-09
ethereum,eth,Ethereum,2104.4577921908335,270949498148,24931618668.0,2026-02-10
ethereum,eth,Ethereum,2018.9237788543585,270949498148,24931618668.0,2026-02-11
ethereum,eth,Ethereum,1939.4321739711042,270949498148,24931618668.0,2026-02-12
ethereum,eth,Ethereum,1945.7351413092624,270949498148,24931618668.0,2026-02-13
ethereum,eth,Ethereum,2047.3626742531244,270949498148,24931618668.0,2026-02-14
ethereum,eth,Ethereum,2085.5236826118394,270949498148,24931618668.0,2026-02-15
ethereum,eth,Ethereum,1963.9572853026268,270949498148,24931618668.0,2026-02-16
ethereum,eth,Ethereum,2000.6104432030938,270949498148,24931618668.0,2026-02-17
ethereum,eth,Ethereum,1992.004854467171,270949498148,24931618668.0,2026-02-18
ethereum,eth,Ethereum,1954.7534951528544,270949498148,24931618668.0,2026-02-19
ethereum,eth,Ethereum,1946.9092613594232,270949498148,24931618668.0,2026-02-20
ethereum,eth,Ethereum,1967.8121148578189,270949498148,24931618668.0,2026-02-21
ethereum,eth,Ethereum,1973.6643315860636,270949498148,24931618668.0,2026-02-22
ethereum,eth,Ethereum,1954.1913563168575,270949498148,24931618668.0,2026-02-23
ethereum,eth,Ethereum,1853.695790383818,270949498148,24931618668.0,2026-02-24
ethereum,eth,Ethereum,1852.8102933693347,270949498148,24931618668.0,2026-02-25
ethereum,eth,Ethereum,2053.1886740789387,270949498148,24931618668.0,2026-02-26
ethereum,eth,Ethereum,2027.3015182289616,270949498148,24931618668.0,2026-02-27
ethereum,eth,Ethereum,1931.3205870910035,270949498148,24931618668.0,2026-02-28
ethereum,eth,Ethereum,1965.036620141305,270949498148,24931618668.0,2026-03-01
ethereum,eth,Ethereum,1938.411487707785,270949498148,24931618668.0,2026-03-02
ethereum,eth,Ethereum,2029.443994398502,270949498148,24931618668.0,2026-03-03
ethereum,eth,Ethereum,1982.4582786533451,270949498148,24931618668.0,2026-03-04
ethereum,eth,Ethereum,2125.8345858015964,270949498148,24931618668.0,2026-03-05
ethereum,eth,Ethereum,2074.5222481851615,270949498148,24931618668.0,2026-03-06
ethereum,eth,Ethereum,1980.7782841320018,270949498148,24931618668.0,2026-03-07
ethereum,eth,Ethereum,1969.6937981965013,270949498148,24931618668.0,2026-03-08
ethereum,eth,Ethereum,1938.6249253514961,270949498148,24931618668.0,2026-03-09
ethereum,eth,Ethereum,1992.355228734493,270949498148,24931618668.0,2026-03-10
ethereum,eth,Ethereum,2035.2089486782504,270949498148,24931618668.0,2026-03-11
ethereum,eth,Ethereum,2051.7311684113824,270949498148,24931618668.0,2026-03-12
ethereum,eth,Ethereum,2076.5162283684745,270949498148,24931618668.0,2026-03-13
ethereum,eth,Ethereum,2093.00633968562,270949498148,24931618668.0,2026-03-14
ethereum,eth,Ethereum,2096.556369062344,270949498148,24931618668.0,2026-03-15
ethereum,eth,Ethereum,2175.059915408281,270949498148,24931618668.0,2026-03-16
ethereum,eth,Ethereum,2351.172929558985,270949498148,24931618668.0,2026-03-17
ethereum,eth,Ethereum,2318.1196031651903,270949498148,24931618668.0,2026-03-18
ethereum,eth,Ethereum,2203.380058379178,270949498148,24931618668.0,2026-03-19
ethereum,eth,Ethereum,2137.450038431429,270949498148,24931618668.0,2026-03-20
ethereum,eth,Ethereum,2146.971987874902,270949498148,24931618668.0,2026-03-21
ethereum,eth,Ethereum,2078.0492129718186,270949498148,24931618668.0,2026-03-22
ethereum,eth,Ethereum,2053.1449566818205,270949498148,24931618668.0,2026-03-23
ethereum,eth,Ethereum,2151.498274966905,270949498148,24931618668.0,2026-03-24
ethereum,eth,Ethereum,2155.6817607237,270949498148,24931618668.0,2026-03-25
ethereum,eth,Ethereum,2168.2595767488515,270949498148,24931618668.0,2026-03-26
ethereum,eth,Ethereum,2059.332619583916,270949498148,24931618668.0,2026-03-27
ethereum,eth,Ethereum,1991.9001004362854,270949498148,24931618668.0,2026-03-28
ethereum,eth,Ethereum,1992.7681119939894,270949498148,24931618668.0,2026-03-29
ethereum,eth,Ethereum,1983.184167632635,270949498148,24931618668.0,2026-03-30
ethereum,eth,Ethereum,2023.82401658508,270949498148,24931618668.0,2026-03-31
ethereum,eth,Ethereum,2104.8765857093113,270949498148,24931618668.0,2026-04-01
ethereum,eth,Ethereum,2139.0578887146285,270949498148,24931618668.0,2026-04-02
ethereum,eth,Ethereum,2056.8902960008427,270949498148,24931618668.0,2026-04-03
ethereum,eth,Ethereum,2053.6088145168164,270949498148,24931618668.0,2026-04-04
ethereum,eth,Ethereum,2064.9940579142453,270949498148,24931618668.0,2026-04-05
ethereum,eth,Ethereum,2109.005555869251,270949498148,24931618668.0,2026-04-06
ethereum,eth,Ethereum,2107.828320222534,270949498148,24931618668.0,2026-04-07
ethereum,eth,Ethereum,2241.8159903072574,270949498148,24931618668.0,2026-04-08
tether,usdt,Tether,0.9986627246946019,184132713103,88360393957.0,2026-01-01
tether,usdt,Tether,0.9988679818488146,184132713103,88360393957.0,2026-01-02
tether,usdt,Tether,0.9995983333094133,184132713103,88360393957.0,2026-01-03
tether,usdt,Tether,0.9996521246231304,184132713103,88360393957.0,2026-01-04
tether,usdt,Tether,0.9996105685061611,184132713103,88360393957.0,2026-01-05
tether,usdt,Tether,0.9999633560368231,184132713103,88360393957.0,2026-01-06
tether,usdt,Tether,0.9996615466659723,184132713103,88360393957.0,2026-01-07
tether,usdt,Tether,0.9991211966174102,184132713103,88360393957.0,2026-01-08
tether,usdt,Tether,0.9991569593828226,184132713103,88360393957.0,2026-01-09
tether,usdt,Tether,0.9987276753488908,184132713103,88360393957.0,2026-01-10
tether,usdt,Tether,0.9987499416269449,184132713103,88360393957.0,2026-01-11
tether,usdt,Tether,0.9986722833366012,184132713103,88360393957.0,2026-01-12
tether,usdt,Tether,0.9989061546969549,184132713103,88360393957.0,2026-01-13
tether,usdt,Tether,0.999590698812193,184132713103,88360393957.0,2026-01-14
tether,usdt,Tether,0.9999649191311663,184132713103,88360393957.0,2026-01-15
tether,usdt,Tether,0.999724541665556,184132713103,88360393957.0,2026-01-16
tether,usdt,Tether,0.9996022336202626,184132713103,88360393957.0,2026-01-17
tether,usdt,Tether,0.9996410363945221,184132713103,88360393957.0,2026-01-18
tether,usdt,Tether,0.9996290977580051,184132713103,88360393957.0,2026-01-19
tether,usdt,Tether,0.9993594339116765,184132713103,88360393957.0,2026-01-20
tether,usdt,Tether,0.9988487030723944,184132713103,88360393957.0,2026-01-21
tether,usdt,Tether,0.9991305081309328,184132713103,88360393957.0,2026-01-22
tether,usdt,Tether,0.9990496724620155,184132713103,88360393957.0,2026-01-23
tether,usdt,Tether,0.998778892989168,184132713103,88360393957.0,2026-01-24
tether,usdt,Tether,0.9985569101355587,184132713103,88360393957.0,2026-01-25
tether,usdt,Tether,0.9989948541177421,184132713103,88360393957.0,2026-01-26
tether,usdt,Tether,0.9989547535101524,184132713103,88360393957.0,2026-01-27
tether,usdt,Tether,0.9986909091346773,184132713103,88360393957.0,2026-01-28
tether,usdt,Tether,0.9985417486852866,184132713103,88360393957.0,2026-01-29
tether,usdt,Tether,0.9984872795552621,184132713103,88360393957.0,2026-01-30
tether,usdt,Tether,0.9985230477227056,184132713103,88360393957.0,2026-01-31
tether,usdt,Tether,0.9989497615329074,184132713103,88360393957.0,2026-02-01
tether,usdt,Tether,0.9989392888486452,184132713103,88360393957.0,2026-02-02
tether,usdt,Tether,0.9992001010087601,184132713103,88360393957.0,2026-02-03
tether,usdt,Tether,0.9987167613016705,184132713103,88360393957.0,2026-02-04
tether,usdt,Tether,0.9979612681080594,184132713103,88360393957.0,2026-02-05
tether,usdt,Tether,0.9982250428285866,184132713103,88360393957.0,2026-02-06
tether,usdt,Tether,0.9993888421960845,184132713103,88360393957.0,2026-02-07
tether,usdt,Tether,0.9994305117681377,184132713103,88360393957.0,2026-02-08
tether,usdt,Tether,0.999499498559742,184132713103,88360393957.0,2026-02-09
tether,usdt,Tether,0.9995763421525862,184132713103,88360393957.0,2026-02-10
tether,usdt,Tether,0.9994983972219773,184132713103,88360393957.0,2026-02-11
tether,usdt,Tether,0.9994115981365723,184132713103,88360393957.0,2026-02-12
tether,usdt,Tether,0.999346447755714,184132713103,88360393957.0,2026-02-13
tether,usdt,Tether,0.999526705546248,184132713103,88360393957.0,2026-02-14
tether,usdt,Tether,0.9996671716102811,184132713103,88360393957.0,2026-02-15
tether,usdt,Tether,0.9995907413979994,184132713103,88360393957.0,2026-02-16
tether,usdt,Tether,0.9996299905566526,184132713103,88360393957.0,2026-02-17
tether,usdt,Tether,0.9996560408199576,184132713103,88360393957.0,2026-02-18
tether,usdt,Tether,0.9996612869116703,184132713103,88360393957.0,2026-02-19
tether,usdt,Tether,0.9996645344960943,184132713103,88360393957.0,2026-02-20
tether,usdt,Tether,0.9996107557292512,184132713103,88360393957.0,2026-02-21
tether,usdt,Tether,0.9997716894518883,184132713103,88360393957.0,2026-02-22
tether,usdt,Tether,0.9996113662285153,184132713103,88360393957.0,2026-02-23
tether,usdt,Tether,0.9997189462103195,184132713103,88360393957.0,2026-02-24
tether,usdt,Tether,1.0000583892729342,184132713103,88360393957.0,2026-02-25
tether,usdt,Tether,1.0001858815580689,184132713103,88360393957.0,2026-02-26
tether,usdt,Tether,1.0000449542644683,184132713103,88360393957.0,2026-02-27
tether,usdt,Tether,1.0000379974136187,184132713103,88360393957.0,2026-02-28
tether,usdt,Tether,1.0003547856985877,184132713103,88360393957.0,2026-03-01
tether,usdt,Tether,1.0000489255310072,184132713103,88360393957.0,2026-03-02
tether,usdt,Tether,1.000035599976023,184132713103,88360393957.0,2026-03-03
tether,usdt,Tether,1.0000336152572948,184132713103,88360393957.0,2026-03-04
tether,usdt,Tether,1.0001290807294116,184132713103,88360393957.0,2026-03-05
tether,usdt,Tether,1.000047151881986,184132713103,88360393957.0,2026-03-06
tether,usdt,Tether,0.9999596593304437,184132713103,88360393957.0,2026-03-07
tether,usdt,Tether,0.999979394830107,184132713103,88360393957.0,2026-03-08
tether,usdt,Tether,1.0000187244840877,184132713103,88360393957.0,2026-03-09
tether,usdt,Tether,1.000035923210783,184132713103,88360393957.0,2026-03-10
tether,usdt,Tether,1.0000168490151076,184132713103,88360393957.0,2026-03-11
tether,usdt,Tether,1.0000517587254645,184132713103,88360393957.0,2026-03-12
tether,usdt,Tether,0.9999523695965462,184132713103,88360393957.0,2026-03-13
tether,usdt,Tether,1.0000900040216567,184132713103,88360393957.0,2026-03-14
tether,usdt,Tether,1.0001415880465405,184132713103,88360393957.0,2026-03-15
tether,usdt,Tether,1.0001097507916341,184132713103,88360393957.0,2026-03-16
tether,usdt,Tether,1.000019771606636,184132713103,88360393957.0,2026-03-17
tether,usdt,Tether,1.0001758946865917,184132713103,88360393957.0,2026-03-18
tether,usdt,Tether,0.9999921589218256,184132713103,88360393957.0,2026-03-19
tether,usdt,Tether,1.0001271715337983,184132713103,88360393957.0,2026-03-20
tether,usdt,Tether,0.9998984155342372,184132713103,88360393957.0,2026-03-21
tether,usdt,Tether,0.9998006110538279,184132713103,88360393957.0,2026-03-22
tether,usdt,Tether,0.9997599806581059,184132713103,88360393957.0,2026-03-23
tether,usdt,Tether,0.9997280714604861,184132713103,88360393957.0,2026-03-24
tether,usdt,Tether,0.9995464025750291,184132713103,88360393957.0,2026-03-25
tether,usdt,Tether,0.9996158559527771,184132713103,88360393957.0,2026-03-26
tether,usdt,Tether,0.9993777608233682,184132713103,88360393957.0,2026-03-27
tether,usdt,Tether,0.9993090210116136,184132713103,88360393957.0,2026-03-28
tether,usdt,Tether,0.9992705593616054,184132713103,88360393957.0,2026-03-29
tether,usdt,Tether,0.9992400743545208,184132713103,88360393957.0,2026-03-30
tether,usdt,Tether,0.9992106628948578,184132713103,88360393957.0,2026-03-31
tether,usdt,Tether,0.9991033235488419,184132713103,88360393957.0,2026-04-01
tether,usdt,Tether,0.9998709253042358,184132713103,88360393957.0,2026-04-02
tether,usdt,Tether,0.9999692066117987,184132713103,88360393957.0,2026-04-03
tether,usdt,Tether,0.9998907119545611,184132713103,88360393957.0,2026-04-04
tether,usdt,Tether,0.9999481912545097,184132713103,88360393957.0,2026-04-05
tether,usdt,Tether,0.9996444370601621,184132713103,88360393957.0,2026-04-06
tether,usdt,Tether,0.9999504381512833,184132713103,88360393957.0,2026-04-07
tether,usdt,Tether,0.9998298565131113,184132713103,88360393957.0,2026-04-08
ripple,xrp,XRP,1.839340516228945,84701300035,2963255508.0,2026-01-01
ripple,xrp,XRP,1.876580133618003,84701300035,2963255508.0,2026-01-02
ripple,xrp,XRP,2.0067430670680815,84701300035,2963255508.0,2026-01-03
ripple,xrp,XRP,2.0175062731579767,84701300035,2963255508.0,2026-01-04
ripple,xrp,XRP,2.090232038436175,84701300035,2963255508.0,2026-01-05
ripple,xrp,XRP,2.357096532639873,84701300035,2963255508.0,2026-01-06
ripple,xrp,XRP,2.306181895074802,84701300035,2963255508.0,2026-01-07
ripple,xrp,XRP,2.1647432080023226,84701300035,2963255508.0,2026-01-08
ripple,xrp,XRP,2.1251717689023337,84701300035,2963255508.0,2026-01-09
ripple,xrp,XRP,2.0927673320195863,84701300035,2963255508.0,2026-01-10
ripple,xrp,XRP,2.088652195195928,84701300035,2963255508.0,2026-01-11
ripple,xrp,XRP,2.0697438242842803,84701300035,2963255508.0,2026-01-12
ripple,xrp,XRP,2.0521552957803872,84701300035,2963255508.0,2026-01-13
ripple,xrp,XRP,2.1573149435015675,84701300035,2963255508.0,2026-01-14
ripple,xrp,XRP,2.139155616612297,84701300035,2963255508.0,2026-01-15
ripple,xrp,XRP,2.077452437224596,84701300035,2963255508.0,2026-01-16
ripple,xrp,XRP,2.068150596847967,84701300035,2963255508.0,2026-01-17
ripple,xrp,XRP,2.0617458056300615,84701300035,2963255508.0,2026-01-18
ripple,xrp,XRP,1.9952673135379637,84701300035,2963255508.0,2026-01-19
ripple,xrp,XRP,1.9884649839518649,84701300035,2963255508.0,2026-01-20
ripple,xrp,XRP,1.8875376220238804,84701300035,2963255508.0,2026-01-21
ripple,xrp,XRP,1.9437698220745168,84701300035,2963255508.0,2026-01-22
ripple,xrp,XRP,1.9204225104332826,84701300035,2963255508.0,2026-01-23
ripple,xrp,XRP,1.9194180431938297,84701300035,2963255508.0,2026-01-24
ripple,xrp,XRP,1.9133958344258726,84701300035,2963255508.0,2026-01-25
ripple,xrp,XRP,1.8327098897122869,84701300035,2963255508.0,2026-01-26
ripple,xrp,XRP,1.9041128051204959,84701300035,2963255508.0,2026-01-27
ripple,xrp,XRP,1.9156777360466681,84701300035,2963255508.0,2026-01-28
ripple,xrp,XRP,1.9072302990012404,84701300035,2963255508.0,2026-01-29
ripple,xrp,XRP,1.8050831186611875,84701300035,2963255508.0,2026-01-30
ripple,xrp,XRP,1.7327720854202893,84701300035,2963255508.0,2026-01-31
ripple,xrp,XRP,1.6436658882901531,84701300035,2963255508.0,2026-02-01
ripple,xrp,XRP,1.5944442621009838,84701300035,2963255508.0,2026-02-02
ripple,xrp,XRP,1.6206030260795774,84701300035,2963255508.0,2026-02-03
ripple,xrp,XRP,1.5725414380096223,84701300035,2963255508.0,2026-02-04
ripple,xrp,XRP,1.5170558553904752,84701300035,2963255508.0,2026-02-05
ripple,xrp,XRP,1.2161107578407648,84701300035,2963255508.0,2026-02-06
ripple,xrp,XRP,1.4690800575209597,84701300035,2963255508.0,2026-02-07
ripple,xrp,XRP,1.4252152762524186,84701300035,2963255508.0,2026-02-08
ripple,xrp,XRP,1.4349694710334944,84701300035,2963255508.0,2026-02-09
ripple,xrp,XRP,1.4388979885580568,84701300035,2963255508.0,2026-02-10
ripple,xrp,XRP,1.3997611232740155,84701300035,2963255508.0,2026-02-11
ripple,xrp,XRP,1.3675262189821478,84701300035,2963255508.0,2026-02-12
ripple,xrp,XRP,1.3613529875277222,84701300035,2963255508.0,2026-02-13
ripple,xrp,XRP,1.4061247435646491,84701300035,2963255508.0,2026-02-14
ripple,xrp,XRP,1.5088776181920487,84701300035,2963255508.0,2026-02-15
ripple,xrp,XRP,1.4735483047448346,84701300035,2963255508.0,2026-02-16
ripple,xrp,XRP,1.4879010843885696,84701300035,2963255508.0,2026-02-17
ripple,xrp,XRP,1.474786700621986,84701300035,2963255508.0,2026-02-18
ripple,xrp,XRP,1.419520653358989,84701300035,2963255508.0,2026-02-19
ripple,xrp,XRP,1.4067574969758219,84701300035,2963255508.0,2026-02-20
ripple,xrp,XRP,1.4287023447803144,84701300035,2963255508.0,2026-02-21
ripple,xrp,XRP,1.432313132610905,84701300035,2963255508.0,2026-02-22
ripple,xrp,XRP,1.3904201045692706,84701300035,2963255508.0,2026-02-23
ripple,xrp,XRP,1.3519972818018684,84701300035,2963255508.0,2026-02-24
ripple,xrp,XRP,1.3492712150693866,84701300035,2963255508.0,2026-02-25
ripple,xrp,XRP,1.4311778592275557,84701300035,2963255508.0,2026-02-26
ripple,xrp,XRP,1.4022343325428501,84701300035,2963255508.0,2026-02-27
ripple,xrp,XRP,1.3556513092141123,84701300035,2963255508.0,2026-02-28
ripple,xrp,XRP,1.3793327963811741,84701300035,2963255508.0,2026-03-01
ripple,xrp,XRP,1.3508353496044245,84701300035,2963255508.0,2026-03-02
ripple,xrp,XRP,1.3932878761648186,84701300035,2963255508.0,2026-03-03
ripple,xrp,XRP,1.36103107458941,84701300035,2963255508.0,2026-03-04
ripple,xrp,XRP,1.4304937640772049,84701300035,2963255508.0,2026-03-05
ripple,xrp,XRP,1.4033263588998717,84701300035,2963255508.0,2026-03-06
ripple,xrp,XRP,1.3637239392731317,84701300035,2963255508.0,2026-03-07
ripple,xrp,XRP,1.3564715576357889,84701300035,2963255508.0,2026-03-08
ripple,xrp,XRP,1.3422132871181114,84701300035,2963255508.0,2026-03-09
ripple,xrp,XRP,1.3620867880412773,84701300035,2963255508.0,2026-03-10
ripple,xrp,XRP,1.3859389773180206,84701300035,2963255508.0,2026-03-11
ripple,xrp,XRP,1.3852855424426591,84701300035,2963255508.0,2026-03-12
ripple,xrp,XRP,1.3856854223967114,84701300035,2963255508.0,2026-03-13
ripple,xrp,XRP,1.3984883653785558,84701300035,2963255508.0,2026-03-14
ripple,xrp,XRP,1.4060409016406614,84701300035,2963255508.0,2026-03-15
ripple,xrp,XRP,1.4471445690623825,84701300035,2963255508.0,2026-03-16
ripple,xrp,XRP,1.544548518991867,84701300035,2963255508.0,2026-03-17
ripple,xrp,XRP,1.518809913744032,84701300035,2963255508.0,2026-03-18
ripple,xrp,XRP,1.4635648455182177,84701300035,2963255508.0,2026-03-19
ripple,xrp,XRP,1.446907508513138,84701300035,2963255508.0,2026-03-20
ripple,xrp,XRP,1.4455066711696298,84701300035,2963255508.0,2026-03-21
ripple,xrp,XRP,1.4126521263383205,84701300035,2963255508.0,2026-03-22
ripple,xrp,XRP,1.3856763547929614,84701300035,2963255508.0,2026-03-23
ripple,xrp,XRP,1.4312128220885731,84701300035,2963255508.0,2026-03-24
ripple,xrp,XRP,1.4149642928635169,84701300035,2963255508.0,2026-03-25
ripple,xrp,XRP,1.4133478378773114,84701300035,2963255508.0,2026-03-26
ripple,xrp,XRP,1.3599141754843338,84701300035,2963255508.0,2026-03-27
ripple,xrp,XRP,1.3241937088535796,84701300035,2963255508.0,2026-03-28
ripple,xrp,XRP,1.332280277660629,84701300035,2963255508.0,2026-03-29
ripple,xrp,XRP,1.3269176580896753,84701300035,2963255508.0,2026-03-30
ripple,xrp,XRP,1.3222432322146085,84701300035,2963255508.0,2026-03-31
ripple,xrp,XRP,1.3396108818298649,84701300035,2963255508.0,2026-04-01
ripple,xrp,XRP,1.3481928710117392,84701300035,2963255508.0,2026-04-02
ripple,xrp,XRP,1.319127673601835,84701300035,2963255508.0,2026-04-03
ripple,xrp,XRP,1.3177591466741263,84701300035,2963255508.0,2026-04-04
ripple,xrp,XRP,1.314946138144583,84701300035,2963255508.0,2026-04-05
ripple,xrp,XRP,1.3246057207688182,84701300035,2963255508.0,2026-04-06
ripple,xrp,XRP,1.3208458204759403,84701300035,2963255508.0,2026-04-07
ripple,xrp,XRP,1.3795235137228608,84701300035,2963255508.0,2026-04-08
binancecoin,bnb,BNB,863.1574666286001,83676883539,1370250609.0,2026-01-01
binancecoin,bnb,BNB,862.9202786806326,83676883539,1370250609.0,2026-01-02
binancecoin,bnb,BNB,880.5981987516783,83676883539,1370250609.0,2026-01-03
binancecoin,bnb,BNB,878.7329288702774,83676883539,1370250609.0,2026-01-04
binancecoin,bnb,BNB,894.4508344273104,83676883539,1370250609.0,2026-01-05
binancecoin,bnb,BNB,910.9079403595276,83676883539,1370250609.0,2026-01-06
binancecoin,bnb,BNB,917.6345878314794,83676883539,1370250609.0,2026-01-07
binancecoin,bnb,BNB,899.3115791273906,83676883539,1370250609.0,2026-01-08
binancecoin,bnb,BNB,891.5992569838319,83676883539,1370250609.0,2026-01-09
binancecoin,bnb,BNB,895.5121731855866,83676883539,1370250609.0,2026-01-10
binancecoin,bnb,BNB,906.6887224157771,83676883539,1370250609.0,2026-01-11
binancecoin,bnb,BNB,902.7664964152219,83676883539,1370250609.0,2026-01-12
binancecoin,bnb,BNB,905.5295124491013,83676883539,1370250609.0,2026-01-13
binancecoin,bnb,BNB,942.4122356291538,83676883539,1370250609.0,2026-01-14
binancecoin,bnb,BNB,949.0987145957889,83676883539,1370250609.0,2026-01-15
binancecoin,bnb,BNB,930.8892064404015,83676883539,1370250609.0,2026-01-16
binancecoin,bnb,BNB,937.687896295784,83676883539,1370250609.0,2026-01-17
binancecoin,bnb,BNB,946.9959081738135,83676883539,1370250609.0,2026-01-18
binancecoin,bnb,BNB,933.8079144307845,83676883539,1370250609.0,2026-01-19
binancecoin,bnb,BNB,922.3076030339913,83676883539,1370250609.0,2026-01-20
binancecoin,bnb,BNB,884.4648847958442,83676883539,1370250609.0,2026-01-21
binancecoin,bnb,BNB,882.3554922284878,83676883539,1370250609.0,2026-01-22
binancecoin,bnb,BNB,886.8801866366052,83676883539,1370250609.0,2026-01-23
binancecoin,bnb,BNB,890.5047011445338,83676883539,1370250609.0,2026-01-24
binancecoin,bnb,BNB,886.0721909071814,83676883539,1370250609.0,2026-01-25
binancecoin,bnb,BNB,864.4439519225823,83676883539,1370250609.0,2026-01-26
binancecoin,bnb,BNB,878.6274796967367,83676883539,1370250609.0,2026-01-27
binancecoin,bnb,BNB,897.6724320123695,83676883539,1370250609.0,2026-01-28
binancecoin,bnb,BNB,901.2090745596357,83676883539,1370250609.0,2026-01-29
binancecoin,bnb,BNB,867.7347946909455,83676883539,1370250609.0,2026-01-30
binancecoin,bnb,BNB,857.3699420639612,83676883539,1370250609.0,2026-01-31
binancecoin,bnb,BNB,780.3315668159182,83676883539,1370250609.0,2026-02-01
binancecoin,bnb,BNB,757.9446598202101,83676883539,1370250609.0,2026-02-02
binancecoin,bnb,BNB,775.3120806273045,83676883539,1370250609.0,2026-02-03
binancecoin,bnb,BNB,753.6152462766961,83676883539,1370250609.0,2026-02-04
binancecoin,bnb,BNB,699.2319544532423,83676883539,1370250609.0,2026-02-05
binancecoin,bnb,BNB,604.901963859174,83676883539,1370250609.0,2026-02-06
binancecoin,bnb,BNB,657.306655291851,83676883539,1370250609.0,2026-02-07
binancecoin,bnb,BNB,647.57171670411,83676883539,1370250609.0,2026-02-08
binancecoin,bnb,BNB,641.3063396421284,83676883539,1370250609.0,2026-02-09
binancecoin,bnb,BNB,636.158470811873,83676883539,1370250609.0,2026-02-10
binancecoin,bnb,BNB,619.5022534339905,83676883539,1370250609.0,2026-02-11
binancecoin,bnb,BNB,607.0100650556328,83676883539,1370250609.0,2026-02-12
binancecoin,bnb,BNB,613.5884218776979,83676883539,1370250609.0,2026-02-13
binancecoin,bnb,BNB,618.6972942245542,83676883539,1370250609.0,2026-02-14
binancecoin,bnb,BNB,633.314654350795,83676883539,1370250609.0,2026-02-15
binancecoin,bnb,BNB,614.2781615559984,83676883539,1370250609.0,2026-02-16
binancecoin,bnb,BNB,626.9455367382164,83676883539,1370250609.0,2026-02-17
binancecoin,bnb,BNB,617.5002211755236,83676883539,1370250609.0,2026-02-18
binancecoin,bnb,BNB,604.7780192707222,83676883539,1370250609.0,2026-02-19
binancecoin,bnb,BNB,607.1450788289527,83676883539,1370250609.0,2026-02-20
binancecoin,bnb,BNB,625.1658113899997,83676883539,1370250609.0,2026-02-21
binancecoin,bnb,BNB,625.9459360696097,83676883539,1370250609.0,2026-02-22
binancecoin,bnb,BNB,614.0943323849417,83676883539,1370250609.0,2026-02-23
binancecoin,bnb,BNB,595.841177275929,83676883539,1370250609.0,2026-02-24
binancecoin,bnb,BNB,583.919821904656,83676883539,1370250609.0,2026-02-25
binancecoin,bnb,BNB,628.2228200794851,83676883539,1370250609.0,2026-02-26
binancecoin,bnb,BNB,625.9211039706134,83676883539,1370250609.0,2026-02-27
binancecoin,bnb,BNB,613.9686612193877,83676883539,1370250609.0,2026-02-28
binancecoin,bnb,BNB,617.5322050027751,83676883539,1370250609.0,2026-03-01
binancecoin,bnb,BNB,616.8269097979393,83676883539,1370250609.0,2026-03-02
binancecoin,bnb,BNB,637.4936332653224,83676883539,1370250609.0,2026-03-03
binancecoin,bnb,BNB,633.9153172943332,83676883539,1370250609.0,2026-03-04
binancecoin,bnb,BNB,657.5355575822484,83676883539,1370250609.0,2026-03-05
binancecoin,bnb,BNB,647.8545990969939,83676883539,1370250609.0,2026-03-06
binancecoin,bnb,BNB,627.3743722428251,83676883539,1370250609.0,2026-03-07
binancecoin,bnb,BNB,620.1335218839806,83676883539,1370250609.0,2026-03-08
binancecoin,bnb,BNB,611.9500451871007,83676883539,1370250609.0,2026-03-09
binancecoin,bnb,BNB,634.3477951671313,83676883539,1370250609.0,2026-03-10
binancecoin,bnb,BNB,641.6585289358178,83676883539,1370250609.0,2026-03-11
binancecoin,bnb,BNB,651.4385570212381,83676883539,1370250609.0,2026-03-12
binancecoin,bnb,BNB,652.3204295577726,83676883539,1370250609.0,2026-03-13
binancecoin,bnb,BNB,656.0082976549179,83676883539,1370250609.0,2026-03-14
binancecoin,bnb,BNB,657.9077116578025,83676883539,1370250609.0,2026-03-15
binancecoin,bnb,BNB,673.7790391797466,83676883539,1370250609.0,2026-03-16
binancecoin,bnb,BNB,679.6057646827234,83676883539,1370250609.0,2026-03-17
binancecoin,bnb,BNB,668.4582026519276,83676883539,1370250609.0,2026-03-18
binancecoin,bnb,BNB,651.889478852474,83676883539,1370250609.0,2026-03-19
binancecoin,bnb,BNB,638.9476995490274,83676883539,1370250609.0,2026-03-20
binancecoin,bnb,BNB,642.2798347520329,83676883539,1370250609.0,2026-03-21
binancecoin,bnb,BNB,629.5885290033027,83676883539,1370250609.0,2026-03-22
binancecoin,bnb,BNB,626.2400112141628,83676883539,1370250609.0,2026-03-23
binancecoin,bnb,BNB,638.7006153893446,83676883539,1370250609.0,2026-03-24
binancecoin,bnb,BNB,638.2722605721722,83676883539,1370250609.0,2026-03-25
binancecoin,bnb,BNB,647.3180223384383,83676883539,1370250609.0,2026-03-26
binancecoin,bnb,BNB,628.9190223638835,83676883539,1370250609.0,2026-03-27
binancecoin,bnb,BNB,613.1713620815611,83676883539,1370250609.0,2026-03-28
binancecoin,bnb,BNB,610.4645237576061,83676883539,1370250609.0,2026-03-29
binancecoin,bnb,BNB,605.6869270198512,83676883539,1370250609.0,2026-03-30
binancecoin,bnb,BNB,608.6013327334239,83676883539,1370250609.0,2026-03-31
binancecoin,bnb,BNB,616.7739614216982,83676883539,1370250609.0,2026-04-01
binancecoin,bnb,BNB,610.7257387079188,83676883539,1370250609.0,2026-04-02
binancecoin,bnb,BNB,583.2343462184504,83676883539,1370250609.0,2026-04-03
binancecoin,bnb,BNB,588.1023061457563,83676883539,1370250609.0,2026-04-04
binancecoin,bnb,BNB,593.3737522068442,83676883539,1370250609.0,2026-04-05
binancecoin,bnb,BNB,601.5319277415803,83676883539,1370250609.0,2026-04-06
binancecoin,bnb,BNB,600.2118425663355,83676883539,1370250609.0,2026-04-07
binancecoin,bnb,BNB,620.4758823184727,83676883539,1370250609.0,2026-04-08
bitcoin,btc,Bitcoin,71706.0,1434734684496,56129624246.0,2026-04-08 12:42:44.974139
ethereum,eth,Ethereum,2248.21,271262993808,24976052035.0,2026-04-08 12:42:44.974139
tether,usdt,Tether,0.999885,184130708714,88398697264.0,2026-04-08 12:42:44.974139
ripple,xrp,XRP,1.38,84706612278,3086509497.0,2026-04-08 12:42:44.974139
binancecoin,bnb,BNB,613.56,83676883539,1378831884.0,2026-04-08 12:42:44.974139
usd-coin,usdc,USDC,0.999906,77886951409,16425150488.0,2026-04-08 12:42:44.974139
solana,sol,Solana,84.35,48356196187,5168193309.0,2026-04-08 12:42:44.974139
tron,trx,TRON,0.315912,29932795608,498128961.0,2026-04-08 12:42:44.974139
figure-heloc,figr_heloc,Figure Heloc,1.033,17077325786,34607241.0,2026-04-08 12:42:44.974139
dogecoin,doge,Dogecoin,0.094462,14521105676,1636573597.0,2026-04-08 12:42:44.974139
usds,usds,USDS,0.999922,11535095495,62511161.0,2026-04-08 12:42:44.974139
whitebit,wbt,WhiteBIT Coin,53.45,11407299699,104052316.0,2026-04-08 12:42:44.974139
cardano,ada,Cardano,0.261125,9628480031,627341761.0,2026-04-08 12:42:44.974139
leo-token,leo,LEO Token,10.11,9310505956,390333.0,2026-04-08 12:42:44.974139
hyperliquid,hype,Hyperliquid,38.9,9273984756,317854461.0,2026-04-08 12:42:44.974139
bitcoin-cash,bch,Bitcoin Cash,443.14,8870584202,222943208.0,2026-04-08 12:42:44.974139
chainlink,link,Chainlink,9.22,6706425095,552549628.0,2026-04-08 12:42:44.974139
monero,xmr,Monero,338.94,6251933610,112476290.0,2026-04-08 12:42:44.974139
ethena-usde,usde,Ethena USDe,1.0,5833014617,277548097.0,2026-04-08 12:42:44.974139
canton-network,cc,Canton,0.144076,5515097096,8757549.0,2026-04-08 12:42:44.974139
stellar,xlm,Stellar,0.163313,5405376077,135802350.0,2026-04-08 12:42:44.974139
zcash,zec,Zcash,322.63,5364576639,672317087.0,2026-04-08 12:42:44.974139
memecore,m,MemeCore,2.67,4680516541,25708920.0,2026-04-08 12:42:44.974139
dai,dai,Dai,1.0,4451845911,38942580.0,2026-04-08 12:42:44.974139
usd1-wlfi,usd1,USD1,0.99907,4379956380,1663289540.0,2026-04-08 12:42:44.974139
litecoin,ltc,Litecoin,55.06,4241186891,392503451.0,2026-04-08 12:42:44.974139
avalanche-2,avax,Avalanche,9.39,4055417767,527970630.0,2026-04-08 12:42:44.974139
hedera-hashgraph,hbar,Hedera,0.093302,4044978113,117314626.0,2026-04-08 12:42:44.974139
paypal-usd,pyusd,PayPal USD,0.99986,3933637815,137647266.0,2026-04-08 12:42:44.974139
sui,sui,Sui,0.951724,3762168185,541091761.0,2026-04-08 12:42:44.974139
rain,rain,Rain,0.00757201,3621579216,16846216.0,2026-04-08 12:42:44.974139
shiba-inu,shib,Shiba Inu,6.13e-06,3609373747,150345884.0,2026-04-08 12:42:44.974139
bittensor,tao,Bittensor,341.95,3281467789,604662510.0,2026-04-08 12:42:44.974139
the-open-network,ton,Toncoin,1.27,3139900533,100187941.0,2026-04-08 12:42:44.974139
world-liberty-financial,wlfi,World Liberty Financial,0.097775,3105368675,66777814.0,2026-04-08 12:42:44.974139
crypto-com-chain,cro,Cronos,0.071568,3030728697,11068440.0,2026-04-08 12:42:44.974139
hashnote-usyc,usyc,Circle USYC,1.12,2681206931,224099.0,2026-04-08 12:42:44.974139
tether-gold,xaut,Tether Gold,4775.64,2672711702,588661799.0,2026-04-08 12:42:44.974139
pax-gold,paxg,PAX Gold,4793.8,2464240771,385253236.0,2026-04-08 12:42:44.974139
blackrock-usd-institutional-digital-liquidity-fund,buidl,BlackRock USD Institutional Digital Liquidity Fund,1.0,2348057869,0.0,2026-04-08 12:42:44.974139
mantle,mnt,Mantle,0.680124,2229393433,45907977.0,2026-04-08 12:42:44.974139
polkadot,dot,Polkadot,1.33,2220217753,192306067.0,2026-04-08 12:42:44.974139
uniswap,uni,Uniswap,3.23,2045447505,227808377.0,2026-04-08 12:42:44.974139
global-dollar,usdg,Global Dollar,0.999995,1956732641,81615631.0,2026-04-08 12:42:44.974139
sky,sky,Sky,0.077559,1796486394,14343749.0,2026-04-08 12:42:44.974139
okb,okb,OKB,84.87,1781592879,17844142.0,2026-04-08 12:42:44.974139
falcon-finance,usdf,Falcon USD,0.997853,1741832616,842685.0,2026-04-08 12:42:44.974139
near,near,NEAR Protocol,1.34,1724979588,235675289.0,2026-04-08 12:42:44.974139
pi-network,pi,Pi Network,0.170463,1723660779,19550185.0,2026-04-08 12:42:44.974139
aster-2,aster,Aster,0.680406,1672836945,110654182.0,2026-04-08 12:42:44.974139
bitcoin,btc,Bitcoin,70768.0,1416424263132,39095493171.0,2026-04-09 10:34:04.443069
ethereum,eth,Ethereum,2177.31,262922366266,18696312957.0,2026-04-09 10:34:04.443069
tether,usdt,Tether,1.0,184117048827,64483994623.0,2026-04-09 10:34:04.443069
ripple,xrp,XRP,1.33,81742148580,2424790311.0,2026-04-09 10:34:04.443069
binancecoin,bnb,BNB,599.04,81703998917,1080220192.0,2026-04-09 10:34:04.443069
usd-coin,usdc,USDC,0.999847,78225281983,13401037460.0,2026-04-09 10:34:04.443069
solana,sol,Solana,81.83,46981875200,3438073825.0,2026-04-09 10:34:04.443069
tron,trx,TRON,0.317072,30042993737,458246704.0,2026-04-09 10:34:04.443069
figure-heloc,figr_heloc,Figure Heloc,1.032,17103808711,19058044.0,2026-04-09 10:34:04.443069
dogecoin,doge,Dogecoin,0.091217,14037779594,1304450828.0,2026-04-09 10:34:04.443069
usds,usds,USDS,0.999856,11507257536,17860180.0,2026-04-09 10:34:04.443069
whitebit,wbt,WhiteBIT Coin,52.54,11215202649,66012816.0,2026-04-09 10:34:04.443069
leo-token,leo,LEO Token,10.12,9319312104,607243.0,2026-04-09 10:34:04.443069
cardano,ada,Cardano,0.248792,9180562221,374851713.0,2026-04-09 10:34:04.443069
hyperliquid,hype,Hyperliquid,38.44,9164186941,377267036.0,2026-04-09 10:34:04.443069
bitcoin-cash,bch,Bitcoin Cash,439.98,8801296128,179266052.0,2026-04-09 10:34:04.443069
chainlink,link,Chainlink,8.76,6374357182,336905297.0,2026-04-09 10:34:04.443069
monero,xmr,Monero,325.29,6004058520,126103929.0,2026-04-09 10:34:04.443069
ethena-usde,usde,Ethena USDe,1.0,5833902566,250657768.0,2026-04-09 10:34:04.443069
canton-network,cc,Canton,0.146765,5627075199,8678964.0,2026-04-09 10:34:04.443069
zcash,zec,Zcash,317.44,5292219836,463480365.0,2026-04-09 10:34:04.443069
stellar,xlm,Stellar,0.156016,5164718639,92850829.0,2026-04-09 10:34:04.443069
memecore,m,MemeCore,2.62,4612024007,11020401.0,2026-04-09 10:34:04.443069
dai,dai,Dai,0.998725,4407333941,24887348.0,2026-04-09 10:34:04.443069
usd1-wlfi,usd1,USD1,0.999302,4304893695,1449605620.0,2026-04-09 10:34:04.443069
litecoin,ltc,Litecoin,53.91,4155220623,295696237.0,2026-04-09 10:34:04.443069
paypal-usd,pyusd,PayPal USD,0.999803,3949396840,93792086.0,2026-04-09 10:34:04.443069
avalanche-2,avax,Avalanche,9.05,3905966920,293513560.0,2026-04-09 10:34:04.443069
hedera-hashgraph,hbar,Hedera,0.089437,3873899144,109553233.0,2026-04-09 10:34:04.443069
rain,rain,Rain,0.0079756,3803942039,18522332.0,2026-04-09 10:34:04.443069
sui,sui,Sui,0.909124,3596716535,365232632.0,2026-04-09 10:34:04.443069
shiba-inu,shib,Shiba Inu,5.88e-06,3467034443,111311619.0,2026-04-09 10:34:04.443069
bittensor,tao,Bittensor,322.01,3091903489,662441191.0,2026-04-09 10:34:04.443069
the-open-network,ton,Toncoin,1.22,3024336141,73683174.0,2026-04-09 10:34:04.443069
crypto-com-chain,cro,Cronos,0.069765,2953845939,11191366.0,2026-04-09 10:34:04.443069
world-liberty-financial,wlfi,World Liberty Financial,0.0921,2925869995,95571975.0,2026-04-09 10:34:04.443069
hashnote-usyc,usyc,Circle USYC,1.12,2684834729,560999.0,2026-04-09 10:34:04.443069
tether-gold,xaut,Tether Gold,4698.29,2629686151,415381290.0,2026-04-09 10:34:04.443069
pax-gold,paxg,PAX Gold,4707.37,2420710919,309091620.0,2026-04-09 10:34:04.443069
blackrock-usd-institutional-digital-liquidity-fund,buidl,BlackRock USD Institutional Digital Liquidity Fund,1.0,2398280618,0.0,2026-04-09 10:34:04.443069
mantle,mnt,Mantle,0.655534,2149431105,37803791.0,2026-04-09 10:34:04.443069
polkadot,dot,Polkadot,1.25,2101555165,121633065.0,2026-04-09 10:34:04.443069
global-dollar,usdg,Global Dollar,0.99995,2029849997,62029387.0,2026-04-09 10:34:04.443069
uniswap,uni,Uniswap,3.06,1941134548,154059467.0,2026-04-09 10:34:04.443069
sky,sky,Sky,0.076303,1767154381,16542066.0,2026-04-09 10:34:04.443069
okb,okb,OKB,83.18,1746711332,14107540.0,2026-04-09 10:34:04.443069
falcon-finance,usdf,Falcon USD,0.997861,1742148644,1154916.0,2026-04-09 10:34:04.443069
near,near,NEAR Protocol,1.34,1729825999,298878397.0,2026-04-09 10:34:04.443069
pi-network,pi,Pi Network,0.167797,1697609930,16087445.0,2026-04-09 10:34:04.443069
aster-2,aster,Aster,0.663093,1632184835,78745618.0,2026-04-09 10:34:04.443069
